NameKey,IndirectName,URI,FSUID
AbdelRazigY,"AbdelRazig, Yassir",https://authorities.lib.fsu.edu/etd-naf/yabdelrazig,yabdelrazig
AbellN,"Abell, Neil",http://id.loc.gov/authorities/names/n2008072417,nabell
AbraimovD,"Abraimov, Dmytro",https://authorities.lib.fsu.edu/etd-naf/abraimov,abraimov
AbsilP,"Absil, Pierre-Antoine",https://authorities.lib.fsu.edu/etd-naf/pabsil,pabsil
AdamsJ,"Adams, Jonathan L.",https://authorities.lib.fsu.edu/etd-naf/jladams,jladams
AdamsT,"Adams, Todd",http://id.loc.gov/authorities/names/no97041570,tadams
AgasheA,"Agashe, Amod S.",https://authorities.lib.fsu.edu/etd-naf/agashe,agashe
AggarwalS,"Aggarwal, Sudhir",http://id.loc.gov/authorities/names/nr92012137,saggarwal
AhlquistJ,"Ahlquist, Jon E.",http://id.loc.gov/authorities/names/n82070328,jeahlquist
AhmadH,"Ahmad, Hafiz",https://authorities.lib.fsu.edu/etd-naf/hha4451,hha4451
AkibaM,"Akiba, Motoko",http://id.loc.gov/authorities/names/no2003057796,makiba
Al-SaberS,"Al-Saber, Samer",https://authorities.lib.fsu.edu/etd-naf/salsaber,salsaber
AlabuginI,"Alabugin, Igor V.(Professor)",http://id.loc.gov/authorities/names/no2016054557,ialabugin
AlamoR,"Alamo, Rufina G.",https://authorities.lib.fsu.edu/etd-naf/alamo,alamo
Albrecht-SchmittT,"Albrecht-Schmitt, Thomas E.",http://id.loc.gov/authorities/names/n2008078041,talbrechtschmitt
AldrovandiE,"Aldrovandi, Ettore",http://viaf.org/viaf/272734013,ealdrovandi
AliJ,"Ali, Jamel",https://authorities.lib.fsu.edu/etd-naf/jali,jali
Almaraz-CalderonS,"Almaraz-Calderon, Sergio J.",https://authorities.lib.fsu.edu/etd-naf/salmarazcalderon,salmarazcalderon
AlmondR,"Almond, Russell G.",http://id.loc.gov/authorities/names/n94098012,ralmond
AlmondR,"Almond, Russell G.",http://id.loc.gov/authorities/names/n94098012,
AluffiP,"Aluffi, Paolo",http://id.loc.gov/authorities/names/n2009006352,paluffi
AlviF,"Alvi, Farrukh S.",https://authorities.lib.fsu.edu/etd-naf/falvi,falvi
AmslerE,"Amsler, Eva",http://id.loc.gov/authorities/names/no2008068705,eamsler
AndersonL,"Anderson, Leon(Drummer)",http://id.loc.gov/authorities/names/no2009203546,
AndreiP,"Andrei, Petru",https://authorities.lib.fsu.edu/etd-naf/pandrei,pandrei
AngJ,"Ang, James S.",http://id.loc.gov/authorities/names/n77004513,jang
AnubiO,"Anubi, Olugbenga Moses",https://authorities.lib.fsu.edu/etd-naf/oanubi,oanubi
ArbeitmanM,"Arbeitman, Michelle N.",https://authorities.lib.fsu.edu/etd-naf/marbeitman,marbeitman
ArghandehR,"Arghandeh, Reza",http://id.loc.gov/authorities/names/no2018075428,
ArjmandiB,"Arjmandi, Bahram H.",https://authorities.lib.fsu.edu/etd-naf/barjmandi,barjmandi
ArmstrongD,"Armstrong, Deborah J.",http://id.loc.gov/authorities/names/n2005004803,
ArpanL,"Arpan, Laura M.",https://authorities.lib.fsu.edu/etd-naf/larpan,larpan
AtkinsJ,"Atkins, Jennifer",http://id.loc.gov/authorities/names/no2008105762,jatkins
AtoliaM,"Atolia, Manoj",https://authorities.lib.fsu.edu/etd-naf/matolia,matolia
AutoreD,"Autore, Donald M.",https://authorities.lib.fsu.edu/etd-naf/dautore,dautore
AuzenneV,"Auzenne, Valliere Richard",http://id.loc.gov/authorities/names/n92087462,
Baco-TaylorA,"Baco-Taylor, Amy R.",http://id.loc.gov/authorities/names/no2007101869,abacotaylor
BakanM,"Bakan, Michael B.",http://id.loc.gov/authorities/names/n98098992,mbakan
BakerE,"Baker, Earl J.",http://id.loc.gov/authorities/names/n81076062,
BalesW,"Bales, William D.",http://viaf.org/viaf/18146332829718730188,wbales
BalicasL,"Balicas, Luis",https://authorities.lib.fsu.edu/etd-naf/balicas,balicas
BallasS,"Ballas, Samuel A.",https://authorities.lib.fsu.edu/etd-naf/sballas,sballas
BarbuA,"Barbu, Adrian G.",http://id.loc.gov/authorities/names/no2017071128,abarbu
BarrettA,"Barrett, Anne E.",https://authorities.lib.fsu.edu/etd-naf/abarrett,abarrett
BarrilleauxC,"Barrilleaux, Charles",http://id.loc.gov/authorities/names/n2016028462,cbarrilleaux
BarthM,"Barth, Mary",https://authorities.lib.fsu.edu/etd-naf/nf-mbarth,nf-mbarth
BassH,"Bass, Hank W.",http://id.loc.gov/authorities/names/nb2012004932,hbass
BauerM,"Bauer, Martin",https://authorities.lib.fsu.edu/etd-naf/mbauer2,mbauer2
BaumbachR,"Baumbach, Ryan E.",https://authorities.lib.fsu.edu/etd-naf/rbaumbach,rbaumbach
BaumeisterR,"Baumeister, Roy F.",http://id.loc.gov/authorities/names/n85130352,rbaumeister
BaumerE,"Baumer, Eric P.",http://id.loc.gov/authorities/names/ns2012002852,
BearorK,"Bearor, Karen A.",http://id.loc.gov/authorities/names/n92121683,kbearor
BeattyC,"Beatty, Cameron C.",https://authorities.lib.fsu.edu/etd-naf/cbeatty,cbeatty
BeaumontP,"Beaumont, Paul M.",http://id.loc.gov/authorities/names/n88207770,beaumont
BeaverK,"Beaver, Kevin M.",http://id.loc.gov/authorities/names/n2008021550,kbeaver
BeazerQ,"Beazer, Quintin H.",https://authorities.lib.fsu.edu/etd-naf/qbeazer,qbeazer
BeckerB,"Becker, Betsy Jane",http://id.loc.gov/authorities/names/n87152824,bbecker
BeckerM,"Becker, Martin Swanbrow",https://authorities.lib.fsu.edu/etd-naf/mswanbrowbecker,mswanbrowbecker
BeekmanC,"Beekman, Christianne",https://authorities.lib.fsu.edu/etd-naf/beekman,beekman
BeerliP,"Beerli, Peter",https://authorities.lib.fsu.edu/etd-naf/beerli,beerli
BelieuE,"Belieu, Erin",http://id.loc.gov/authorities/names/n95028067,ebelieu
BensonB,"Benson, Bruce L.",http://id.loc.gov/authorities/names/n88232109,bbenson
BergB,"Berg, Bernd A.",http://id.loc.gov/authorities/names/no2005010557,bberg
BergP,"Berg, Peter",https://authorities.lib.fsu.edu/etd-naf/nf-pberg,nf-pberg
BerlanD,"Berlan, David G.",https://authorities.lib.fsu.edu/etd-naf/dberlan,dberlan
BernadinS,"Bernadin, Shonda",https://authorities.lib.fsu.edu/etd-naf/swalker,swalker
BerryF,"Berry, Frances Stokes",http://id.loc.gov/authorities/names/n81065572,fberry
BerryR,"Berry, R. M.",http://id.loc.gov/authorities/names/n84027912,rberry
BerryW,"Berry, William Dale",http://id.loc.gov/authorities/names/n82275206,
BertramR,"Bertram, R.",http://id.loc.gov/authorities/names/no2005086590,
BhideP,"Bhide, Pradeep",https://authorities.lib.fsu.edu/etd-naf/pbhide,pbhide
BillingsB,"Billings, Bruce K.",https://authorities.lib.fsu.edu/etd-naf/bbillings,bbillings
BiniciS,"Binici, Salih",http://id.loc.gov/authorities/names/no2007115316,ssb2208
BishD,"Bish, Deborah",http://id.loc.gov/authorities/names/no2008077068,dbish
BishopM,"Bishop, Michael A.",http://id.loc.gov/authorities/names/n2004094285,mbishop
BlaberM,"Blaber, Michael",https://authorities.lib.fsu.edu/etd-naf/mblaber,mblaber
BlaufarbR,"Blaufarb, Rafe",http://id.loc.gov/authorities/names/n2002034649,rblaufarb
BleiholderC,"Bleiholder, Christian",http://viaf.org/viaf/35658877,cbleiholder
BlessingS,"Blessing, Susan K.",http://id.loc.gov/authorities/names/no92016155,sblessing
BlombergT,"Blomberg, Thomas G.",http://id.loc.gov/authorities/names/n79075352,tblomberg
BochevP,"Bochev, Pavel B.",http://id.loc.gov/authorities/names/no2007063563,
BoebingerG,"Boebinger, Gregory S.",https://authorities.lib.fsu.edu/etd-naf/gboebing,gboebing
BoehrerB,"Boehrer, Bruce Thomas",http://id.loc.gov/authorities/names/n91125062,bboehrer
Boel-StudtS,"Boel-Studt, Shamra M.",https://authorities.lib.fsu.edu/etd-naf/sboelstudt,sboelstudt
BonesteelN,"Bonesteel, N. E.",http://id.loc.gov/authorities/names/n2002162741,nbonesteel
BootW,"Boot, Walter Richard",http://id.loc.gov/authorities/names/no2013118586,wboot
BornP,"Born, Patricia",http://id.loc.gov/authorities/names/no96025406,pborn
BorovskyA,"Borovsky, Arielle",https://authorities.lib.fsu.edu/etd-naf/aborovsky,aborovsky
BorzyskowskiI,"Borzyskowski, Inken von",http://id.loc.gov/authorities/names/no2018133616,
BourassaM,"Bourassa, Mark Allan",http://viaf.org/viaf/105342888,mbourassa
BourusT,"Bourus, Terri",http://id.loc.gov/authorities/names/n2006017272,
BoutinA,"Boutin, Aimée",http://id.loc.gov/authorities/names/n00027515,
BowersJ,"Bowers, Judy K.",http://id.loc.gov/authorities/names/no2010134185,jbowers
BowersP,"Bowers, Philip L.",http://id.loc.gov/authorities/names/n2004003517,pbowers
BoyleH,"Boyle, Helen N.",http://id.loc.gov/authorities/names/n2004049712,hboyle
BradleyJ,"Bradley, Jonathan R.",https://authorities.lib.fsu.edu/etd-naf/jrbradley,jrbradley
BradyM,"Brady, Michael K.",https://authorities.lib.fsu.edu/etd-naf/mbrady,mbrady
BrewerC,"Brewer, Charles E.",http://id.loc.gov/authorities/names/n88679431,cbrewer
BrewsterK,"Brewster, Karin L.",http://id.loc.gov/authorities/names/no2014068565,brewster
BreyW,"Brey, William W.",https://authorities.lib.fsu.edu/etd-naf/wbrey,wbrey
BristerW,"Brister, Wanda",http://id.loc.gov/authorities/names/no2008067682,wbristerrachwal
BroomeJ,"Broome, Jeffrey L.",http://id.loc.gov/authorities/names/no2007010325,jbroome
BrowerR,"Brower, Ralph S.",http://id.loc.gov/authorities/names/no2001091993,rbrower
BrownJ,"Brown, Jeff R.",https://authorities.lib.fsu.edu/etd-naf/jrbrown3,jrbrown3
BrownsteinN,"Brownstein, Naomi Chana ",https://authorities.lib.fsu.edu/etd-naf/ncb03d,ncb03d
BroylesM,"Broyles, Michael",http://id.loc.gov/authorities/names/n88291333,mbroyles
BruntonS,"Brunton, Steven L.",http://id.loc.gov/authorities/names/n2018038223,
BruscoM,"Brusco, Michael J.",http://id.loc.gov/authorities/names/no2005109261,mbrusco
BuchlerM,"Buchler, Michael Howard",http://id.loc.gov/authorities/names/no98088565,mbuchler
BugajK,"Bugaj, Kasia",http://id.loc.gov/authorities/names/no2015096684,kbugaj
BuhrmanK,"Buhrman, Kristina Mairi",http://viaf.org/viaf/113150565593806250133,kbuhrman
BurdetteA,"Burdette, Amy M.",https://authorities.lib.fsu.edu/etd-naf/aburdette,aburdette
BurgessS,"Burgess, Scott C.",https://authorities.lib.fsu.edu/etd-naf/sburgess,sburgess
BurmesterM,"Burmester, Mike",http://id.loc.gov/authorities/names/nb2006019256,mburmester
BurnettG,"Burnett, Gary",http://id.loc.gov/authorities/names/n2009070229,gburnett
BurnettK,"Burnett, Kathleen M.",https://authorities.lib.fsu.edu/etd-naf/kburnett,kburnett
BurnettW,"Burnett, William C.",http://id.loc.gov/authorities/names/n88231219,wburnett
BushA,"Bush, Ashley A.",https://authorities.lib.fsu.edu/etd-naf/abush,abush
ButlerR,"Butler, Robert Olen",http://id.loc.gov/authorities/names/n82027123,rbutler
ButlerW,"Butler, William Hale",https://authorities.lib.fsu.edu/etd-naf/wbutler,wbutler
ByrnesS,"Byrnes, Suzanne Rita",https://authorities.lib.fsu.edu/etd-naf/sbyrnes,sbyrnes
CabellS,"Cabell, Sonia Q.",http://id.loc.gov/authorities/names/n2008049381,
CaiM,"Cai, Ming",http://id.loc.gov/authorities/names/n2011010891,mcai
CairnsF,"Cairns, Francis",http://id.loc.gov/authorities/names/n79054291,fcairns
CallenderC,"Callender, Clifton",http://id.loc.gov/authorities/names/no00018481,ccalender
Cano-UrbinaJ,"Cano-Urbina, Javier",https://authorities.lib.fsu.edu/etd-naf/jcanourbina,jcanourbina
CantoA,"Canto, Angela I.",https://authorities.lib.fsu.edu/etd-naf/acanto,acanto
CaoJ,"Cao, Jianming",https://authorities.lib.fsu.edu/etd-naf/jcao,jcao
CappuccioB,"Cappuccio, Brenda L.",https://authorities.lib.fsu.edu/etd-naf/bcappuccio,bcappuccio
CapstickS,"Capstick, Simon",http://id.loc.gov/authorities/names/no2006101897,scapstick
CarbonellJ,"Carbonell, Joyce L.",http://id.loc.gov/authorities/names/no2012127630,jcarbonell
CarlsonE,"Carlson, Elwood",http://id.loc.gov/authorities/names/n84030040,
CarrD,"Carr, Dawn C.",http://id.loc.gov/authorities/names/n2006097242,
CarrascoM,"Carrasco, Michael",http://id.loc.gov/authorities/names/no2010041982,mcarrasco
CarrollR,"Carroll, Robert J.",https://authorities.lib.fsu.edu/etd-naf/rjcarroll,rjcarroll
CaseB,"Case, Bettye Anne",http://id.loc.gov/authorities/names/n94115699,bcase
CattafestaL,"Cattafesta, Louis N.",http://id.loc.gov/authorities/names/no2006067722,lcattafesta
CattsH,"Catts, Hugh W.",http://id.loc.gov/authorities/names/n86827244,hcatts
ChadwickB,"Chadwick, Brian P.",http://id.loc.gov/authorities/names/no2015106702,bchadwick
ChagnonJ,"Chagnon, Jeffrey M.",https://authorities.lib.fsu.edu/etd-naf/jchagnon,jchagnon
ChakrabortyS,"Chakraborty, Shayok",https://authorities.lib.fsu.edu/etd-naf/schakraborty2,schakraborty2
ChandlerY,"Chandler, YuellIV",https://authorities.lib.fsu.edu/etd-naf/ychandler,ychandler
ChantonJ,"Chanton, Jeffrey P.",http://id.loc.gov/authorities/names/n89605460,jchanton
ChapinT,"Chapin, Timothy Stewart",http://id.loc.gov/authorities/names/no00026762,tchapin
CharnessN,"Charness, Neil",http://id.loc.gov/authorities/names/n84205728,ncharness
ChaseP,"Chase, P. Bryant",https://authorities.lib.fsu.edu/etd-naf/pchase,pchase
ChassignetE,"Chassignet, Eric P.",http://id.loc.gov/authorities/names/n98061219,echassignet
CheethamP,"Cheetham, Peter",https://authorities.lib.fsu.edu/etd-naf/pc14f,pc14f
ChellaR,"Chella, Ravindran",https://authorities.lib.fsu.edu/etd-naf/rchella,rchella
ChenG,"Chen, Gang",http://id.loc.gov/authorities/names/nr99008251,gchen2
ChengY,"Cheng, Yingmei",http://viaf.org/viaf/217509953,ycheng
ChickenE,"Chicken, Eric",http://id.loc.gov/authorities/names/n2013023510,echicken
ChiorescuI,"Chiorescu, Irinel",https://authorities.lib.fsu.edu/etd-naf/ichiorescu,ichiorescu
ChiricosT,"Chiricos, Theodore G.",http://id.loc.gov/authorities/names/no2002073514,tchiricos
ChowG,"Chow, Graig Michael",https://authorities.lib.fsu.edu/etd-naf/gchow,gchow
ChristieD,"Christie, Donna R.",http://id.loc.gov/authorities/names/n85212109,dchristi
ChungH,"Chung, Hoyong",https://authorities.lib.fsu.edu/etd-naf/hchung,hchung
ClarkC,"Clark, Clayton J.",http://id.loc.gov/authorities/names/n2006047059,cjclark
ClarkJ,"Clark, James J.",http://id.loc.gov/authorities/names/nb2005011735,jclark5
ClarkJ,"Clark, Jessica Homan",http://id.loc.gov/authorities/names/no2008131664,jhclark
ClarkJ,"Clark, Jonathan E.",https://authorities.lib.fsu.edu/etd-naf/clarkj,clarkj
ClarkK,"Clark, Kathleen",http://id.loc.gov/authorities/names/nb2016004418,kclark
ClarkeA,"Clarke, Allan J.",http://id.loc.gov/authorities/names/nb2008007568,aclarke
ClarkeR,"Clarke, Randolph K.",http://id.loc.gov/authorities/names/nr90006375,rkclarke
ClaryR,"Clary, Richard",http://id.loc.gov/authorities/names/no2001101951,rclary
ClaytonR,"Clayton, Russell B.",http://id.loc.gov/authorities/names/no2016122444,rclayton
ClemonsK,"Clemons, Kristal Moore",https://authorities.lib.fsu.edu/etd-naf/ktmoore,ktmoore
ClendinningJ,"Clendinning, Jane Piper",http://id.loc.gov/authorities/names/nr97008870,jclendinning
CoganN,"Cogan, Nicholas G.",http://id.loc.gov/authorities/names/nr2003034196,ncogan
ColdironA,"Coldiron, A. E. B.",http://id.loc.gov/authorities/names/n00038285,acoldiron
ColeC,"Cole, Cassandra R.",https://authorities.lib.fsu.edu/etd-naf/ccole,ccole
ColemanE,"Coleman, Eric A.(Professor of Political Science)",https://authorities.lib.fsu.edu/etd-naf/ecoleman,ecoleman
CollinsD,"Collins, David C.",https://authorities.lib.fsu.edu/etd-naf/dccollins,dccollins
CollinsE,"Collins, E.",http://id.loc.gov/authorities/names/n85020568,ecollins
ComptonD,"Compton, Donald L.",http://id.loc.gov/authorities/names/n2012058529,dcompton
ContrerasR,"Contreras, Robert J.",https://authorities.lib.fsu.edu/etd-naf/rcontreras,rcontreras
ConwayP,"Conway, Paul(Psychology Professor)",https://authorities.lib.fsu.edu/etd-naf/conway,conway
CooleyL,"Cooley, L.",http://id.loc.gov/authorities/names/no2015022073,ldcooley
CooperD,"Cooper, David J.",https://authorities.lib.fsu.edu/etd-naf/djcooper,djcooper
CooperW,"Cooper, William T.",http://id.loc.gov/authorities/names/n85053810,wcooper
CoppJ,"Copp, Jennifer E.",https://authorities.lib.fsu.edu/etd-naf/jcopp,jcopp
CorriganJ,"Corrigan, John",http://id.loc.gov/authorities/names/n85275076,jcorrigan
CorteseJ,"Cortese, Juliann",http://id.loc.gov/authorities/names/n2007015761,jcortese
CottinetP,"Cottinet, Pierre-Jean",https://authorities.lib.fsu.edu/etd-naf/pcottinet,pcottinet
CougleJ,"Cougle, Jesse R.",https://authorities.lib.fsu.edu/etd-naf/jcougle,jcougle
CouttsC,"Coutts, Christopher",http://id.loc.gov/authorities/names/n2010074127,ccoutts
CoxB,"Cox, Bradley E.",http://id.loc.gov/authorities/names/n2004141559,bcox2
Coxwell-TeagueD,"Coxwell-Teague, Deborah",http://id.loc.gov/authorities/names/n2010065226,dteague
CredeV,"Crede, Volker",http://id.loc.gov/authorities/names/no2006101904,vcrede
CreswellM,"Creswell, Michael",http://id.loc.gov/authorities/names/n2006041794,mcreswell
CrewR,"Crew, Robert E.",http://id.loc.gov/authorities/names/n88137827,rcrew
CrillP,"Crill, Patrick",http://id.loc.gov/authorities/names/n2002010874,nf-pcrill
CripeJ,"Cripe, Juliann J. Woods",http://id.loc.gov/authorities/names/n91087899,jwoods
CrossT,"Cross, Timothy A.",http://viaf.org/viaf/241381087,tcross
CuevasB,"Cuevas, Bryan J.",http://id.loc.gov/authorities/names/n2002059897,
CuiH,"Cui, Hongchang",https://authorities.lib.fsu.edu/etd-naf/hcui2,hcui2
CuiM,"Cui, Ming",http://id.loc.gov/authorities/names/n2010019434,mcui
CulverA,"Culver, Annika A.",http://id.loc.gov/authorities/names/no2013045462,aculver
CuylerA,"Cuyler, Antonio C.",http://id.loc.gov/authorities/names/no2007084452,
DahlM,"Dahl, Mary Karen",http://id.loc.gov/authorities/names/n86035318,mkdahl
DalalN,"Dalal, Naresh S.",http://id.loc.gov/authorities/names/no2007034285,ndalal
DanielsS,"Daniels, Shanna Richards",https://authorities.lib.fsu.edu/etd-naf/srdaniels,srdaniels
DarabiA,"Darabi, Aubteen",https://authorities.lib.fsu.edu/etd-naf/adarabi,adarabi
DarrowA,"Darrow, Alice-Ann",http://id.loc.gov/authorities/names/n89618549,aadarrow
DavisA,"Davis, Angela F.",https://authorities.lib.fsu.edu/etd-naf/afdavis,afdavis
DawkinsJ,"Dawkins, Jim",http://id.loc.gov/authorities/names/n2017038591,
De CockS,"De Cock, Stijn J. W.",https://authorities.lib.fsu.edu/etd-naf/sdecock,sdecock
De GiorgiA,"De Giorgi, Andrea U.",http://id.loc.gov/authorities/names/n2015051850,adegiorgi
De GrummondN,"De Grummond, Nancy Thomson",http://id.loc.gov/authorities/names/n82216464,ndegrummond
DeBrunnerL,"DeBrunner, Linda S.",https://authorities.lib.fsu.edu/etd-naf/ldebrunner,ldebrunner
DeBrunnerV,"DeBrunner, Victor E.",https://authorities.lib.fsu.edu/etd-naf/vdebrunner,vdebrunner
DeHaven-SmithL,"DeHaven-Smith, Lance",http://id.loc.gov/authorities/names/n87871768,ldehavensmith
DePrinceA,"DePrince, A. EugeneIII",https://authorities.lib.fsu.edu/etd-naf/adeprince,adeprince
DengW,"Deng, Wu-Min",https://authorities.lib.fsu.edu/etd-naf/wdeng,wdeng
DennenV,"Dennen, Vanessa P.",http://id.loc.gov/authorities/names/n2012011678,vdennen
DennisJ,"Dennis, Jonathan Hancock",http://viaf.org/viaf/171975698,jhdennis
DennisL,"Dennis, Lawrence Carl",http://id.loc.gov/authorities/names/n88648674,ldennis
DennisL,"Dennis, Lindsay Rae",https://authorities.lib.fsu.edu/etd-naf/lrdennis,lrdennis
DewarW,"Dewar, William K.",http://id.loc.gov/authorities/names/n86821329,wdewar
DickensT,"Dickens, Tarik",https://authorities.lib.fsu.edu/etd-naf/tjd02c,tjd02c
DillingJ,"Dilling, Janet",http://id.loc.gov/authorities/names/no2009118349,jdilling
DmitrievM,"Dmitriev, Mikhail I.",https://authorities.lib.fsu.edu/etd-naf/mdmitriev,mdmitriev
DoanP,"Doan, Petra L.",http://id.loc.gov/authorities/names/n2011027206,pdoan
DobrosavljevićV,"Dobrosavljević, Vladimir",http://id.loc.gov/authorities/names/nb2012017661,vdobrosa
DoelR,"Doel, Ronald Edmund",http://id.loc.gov/authorities/names/nr90000461,rdoel
DongS,"Dong, Shengli",https://authorities.lib.fsu.edu/etd-naf/sdong3,sdong3
DonoghueJ,"Donoghue, Joseph F.",http://id.loc.gov/authorities/names/no2005037291,jfdonoghue
DoorenP,"Dooren, Paul van",http://id.loc.gov/authorities/names/n88241631,pvdooren
DorseyJ,"Dorsey, John G.",https://authorities.lib.fsu.edu/etd-naf/dorsey,dorsey
DowellK,"Dowell, Kristin L.",http://id.loc.gov/authorities/names/n2013033964,kdowell
DozierV,"Dozier, V. Casey",https://authorities.lib.fsu.edu/etd-naf/vcj02d,vcj02d
DrakeJ,"Drake, Jamil William",https://authorities.lib.fsu.edu/etd-naf/jdrake,jdrake
DrewJ,"Drew, John Robert",http://id.loc.gov/authorities/names/no2008046845,jdrew
DriscollA,"Driscoll, Amanda M.",https://authorities.lib.fsu.edu/etd-naf/adriscoll,adriscoll
DriscollK,"Driscoll, Kimberly A.",http://id.loc.gov/authorities/names/n2003106882,kab8269
DriscollM,"Driscoll, Marcy Perkins",http://id.loc.gov/authorities/names/n87892850,mdriscoll
DuJ,"Du, James",https://authorities.lib.fsu.edu/etd-naf/jdu3,jdu3
DuValE,"DuVal, Emily H.",https://authorities.lib.fsu.edu/etd-naf/eduval,eduval
DudleyG,"Dudley, Gregory B.",https://authorities.lib.fsu.edu/etd-naf/gdudley,gdudley
DukeD,"Duke, D. W.",http://id.loc.gov/authorities/names/n82011479,dduke
DukhovskoyD,"Dukhovskoy, Dmitry",http://id.loc.gov/authorities/names/no2004054937,ddukhovskoy
DulebenetsM,"Dulebenets, Maxim A.",https://authorities.lib.fsu.edu/etd-naf/mdulebenets,mdulebenets
DumlavwallaD,"Dumlavwalla, Diana Teresa",https://authorities.lib.fsu.edu/etd-naf/ddumlavwalla,ddumlavwalla
DuncanM,"Duncan, Michael Douglas",http://id.loc.gov/authorities/names/no2015057682,mdduncan
DunniganP,"Dunnigan, Patrick",http://id.loc.gov/authorities/names/n99036353,ddunnigan
Dupuigrenet DesroussillesF,"Dupuigrenet Desroussilles, François",http://id.loc.gov/authorities/names/n87808890,
EastonP,"Easton, Peter",https://authorities.lib.fsu.edu/etd-naf/easton,easton
EbenerD,"Ebener, Deborah J.",https://authorities.lib.fsu.edu/etd-naf/debener,debener
EbersteinI,"Eberstein, Isaac W.",http://id.loc.gov/authorities/names/n88644797,ieberstn
EckelL,"Eckel, Lisa A.",https://authorities.lib.fsu.edu/etd-naf/eckel,eckel
EdringtonC,"Edrington, Christopher S.",https://authorities.lib.fsu.edu/etd-naf/cedrington,cedrington
EdwardsL,"Edwards, Leigh H.",http://id.loc.gov/authorities/names/n2008050923,ledwards
EfimovN,"Efimov, Nina A.",http://id.loc.gov/authorities/names/n98044476,nefimov
EhrlichS,"Ehrlich, Sean D.",http://id.loc.gov/authorities/names/n2011009012,sehrlich
ElsnerJ,"Elsner, James B.",http://id.loc.gov/authorities/names/n96096627,jelsner
EmmersonR,"Emmerson, Richard Kenneth",http://id.loc.gov/authorities/names/n80155334,remmerson
EpsteinA,"Epstein, Andrew",http://id.loc.gov/authorities/names/no2006094000,aepstein
EricksonG,"Erickson, Gregory M.",https://authorities.lib.fsu.edu/etd-naf/gerickson,gerickson
EricssonA,"Ericsson, Anders",http://id.loc.gov/authorities/names/n83130196,kericsson
ErlebacherG,"Erlebacher, Gordon",http://id.loc.gov/authorities/names/n87121729,gerlebacher
ErndlK,"Erndl, Kathleen M.",http://id.loc.gov/authorities/names/n91126639,kerndl
EugenioP,"Eugenio, Paul Michael",http://id.loc.gov/authorities/names/no2006102568,peugenio
EverhartN,"Everhart, Nancy",http://id.loc.gov/authorities/names/n86011527,neverhar
EyerlyS,"Eyerly, Sarah",http://id.loc.gov/authorities/names/no2013006835,seyerly
FadoolD,"Fadool, Debra Ann",https://authorities.lib.fsu.edu/etd-naf/dfadool,dfadool
FadoolJ,"Fadool, James M.",https://authorities.lib.fsu.edu/etd-naf/jfadool,jfadool
FahimA,"Fahim, Arash",https://authorities.lib.fsu.edu/etd-naf/afahim,afahim
FajerP,"Fajer, Piotr G.",https://authorities.lib.fsu.edu/etd-naf/fajer,fajer
FarrisD,"Farris, David W.",https://authorities.lib.fsu.edu/etd-naf/dwfarris,dwfarris
FaruqueM,"Faruque, Md Omar",https://authorities.lib.fsu.edu/etd-naf/faruque,faruque
FaulkB,"Faulk, Barry J.",http://id.loc.gov/authorities/names/n2004040106,bfaulk
FayD,"Fay, Daniel F.",https://authorities.lib.fsu.edu/etd-naf/dfay,dfay
FeiockR,"Feiock, Richard C.",http://id.loc.gov/authorities/names/n00087303,rfeiock
FelknerJ,"Felkner, John",https://authorities.lib.fsu.edu/etd-naf/jfelkner,jfelkner
FendlerR,"Fendler, Rachel Loveitt",http://viaf.org/viaf/1152380012501761724,rfendler
FengJ,"Feng, Jian",https://authorities.lib.fsu.edu/etd-naf/feng,feng
FenleyS,"Fenley, Sérgio Roberto",http://id.loc.gov/authorities/names/nr89009671,sfenley
FentonK,"Fenton, Kevin",http://id.loc.gov/authorities/names/no2008057519,kfenton
FerchaudA,"Ferchaud, Arienne",https://authorities.lib.fsu.edu/etd-naf/aferchaud,aferchaud
FernándezR,"Fernández, Roberto G.",http://id.loc.gov/authorities/names/n84022192,rfernandez
FerrisG,"Ferris, Gerald R.",http://id.loc.gov/authorities/names/n81100790,gferris
FinchamF,"Fincham, Frank D.",http://id.loc.gov/authorities/names/n83135439,ffincham
FioritoJ,"Fiorito, Jack Thomas",http://id.loc.gov/authorities/names/no2004078723,jfiorito
FishburneK,"Fishburne, Kenan A.",https://authorities.lib.fsu.edu/etd-naf/kfishburne,kfishburne
FisherD,"Fisher, Douglas L.",https://authorities.lib.fsu.edu/etd-naf/dfisher,dfisher
FleckensteinK,"Fleckenstein, Kristie S.",http://id.loc.gov/authorities/names/n2001108549,kfleckenstein
FlorianJ,"Florian, John P.",https://authorities.lib.fsu.edu/etd-naf/jflorian,jflorian
FlynnH,"Flynn, Heather A.",https://authorities.lib.fsu.edu/etd-naf/hflynn,hflynn
FolchD,"Folch, David C.",https://authorities.lib.fsu.edu/etd-naf/dfolch,dfolch
FolsteinJ,"Folstein, Jonathan R.",https://authorities.lib.fsu.edu/etd-naf/folstein,folstein
FooS,"Foo, Simon Y.",https://authorities.lib.fsu.edu/etd-naf/foo,foo
FoormanB,"Foorman, Barbara R.",http://id.loc.gov/authorities/names/n85223578,bfoorman
FournierG,"Fournier, Gary M.",http://id.loc.gov/authorities/names/n88191755,
FrankA,"Frank, Andrew",http://id.loc.gov/authorities/names/n95066021,afrank
FranklinJ,"Franklin, Joseph",https://authorities.lib.fsu.edu/etd-naf/jcfranklin,jcfranklin
FranklinR,"Franklin, Russ",http://id.loc.gov/authorities/names/n2016005438,rfranklin
FrederichJ,"Frederich, James H.",https://authorities.lib.fsu.edu/etd-naf/frederich,frederich
FredricksonW,"Fredrickson, William E.",http://id.loc.gov/authorities/names/no00059369,wfredrickson
FreibergJ,"Freiberg, Jack",http://id.loc.gov/authorities/names/n94042446,jfreiberg
FriedmanM,"Friedman, Mollie",http://id.loc.gov/authorities/names/no2013132809,mkr0461
FuelbergH,"Fuelberg, Henry E.",http://id.loc.gov/authorities/names/n81021102,hfuelberg
FuentesM,"Fuentes, Mariana",https://authorities.lib.fsu.edu/etd-naf/mfuentes,mfuentes
FulkersonL,"Fulkerson, Laurel",http://id.loc.gov/authorities/names/n2005022601,lfulkerson
FumoJ,"Fumo, Jamie",http://id.loc.gov/authorities/names/no2003069418,jfumo
GabanaN,"Gabana, Nicole T.",http://id.loc.gov/authorities/names/no2018120684,ngabana
GaberB,"Gaber, Brian",http://id.loc.gov/authorities/names/no2014048705,bgaber
GabrielJ,"Gabriel, Joseph",http://id.loc.gov/authorities/names/n2004009383,
GainesA,"Gaines, Alisha",http://id.loc.gov/authorities/names/no2016135651,
GainsfordR,"Gainsford, Read",http://id.loc.gov/authorities/names/no95005573,rgainsford
GaiserA,"Gaiser, Adam R.",http://id.loc.gov/authorities/names/n2009064720,
GaleanoJ,"Galeano, Juan Carlos",http://id.loc.gov/authorities/names/n97096274,jgaleano
GallivanK,"Gallivan, Kyle A.",http://id.loc.gov/authorities/names/n84029126,kgallivan
GanleyC,"Ganley, Colleen M.",https://authorities.lib.fsu.edu/etd-naf/cganley,cganley
GantsD,"Gants, David L.",http://id.loc.gov/authorities/names/no2017109629,
GaoH,"Gao, Hanwei",https://authorities.lib.fsu.edu/etd-naf/hgao3,hgao3
GardnerJ,"Gardner, Joann",http://id.loc.gov/authorities/names/n88117662,jgardner
GarretsonP,"Garretson, Peter P.",http://id.loc.gov/authorities/names/n78003340,pgarrettson
GawlikM,"Gawlik, Marytza A.",http://id.loc.gov/authorities/names/n2017025017,mgawlik
GelsleichterJ,"Gelsleichter, James J.",http://id.loc.gov/authorities/names/no00033179,nf-jgelsleichter
GerganM,"Gergan, Mabel Denzin",https://authorities.lib.fsu.edu/etd-naf/mgergan,mgergan
GeringerJ,"Geringer, John M.",https://authorities.lib.fsu.edu/etd-naf/jgeringer,jgeringer
GersonP,"Gerson, Paula Lieber",http://id.loc.gov/authorities/names/n85184874,pgerson
GertzM,"Gertz, Marc G.",http://id.loc.gov/authorities/names/n81067523,mgertz
GiardinaM,"Giardina, Michael D.",http://id.loc.gov/authorities/names/n2004110130,mgiardina
GilbertD,"Gilbert, David M.",http://viaf.org/viaf/96152682491423310487,dgilbert
GiuniperoL,"Giunipero, Larry Carl",http://id.loc.gov/authorities/names/n88660162,lgiunipero
GlueckaufR,"Glueckauf, Robert L.",http://id.loc.gov/authorities/names/n89230227,rglueckauf
GoergS,"Goerg, Sebastian J.",http://id.loc.gov/authorities/names/no2017025862,nf-sgeorg
GoffM,"Goff, Matthew J.",http://id.loc.gov/authorities/names/n2003060112,mgoff
GoldsmithE,"Goldsmith, Elizabeth B.",http://id.loc.gov/authorities/names/n88263355,egoldsmith
GoldsmithR,"Goldsmith, Ronald Earl",http://id.loc.gov/authorities/names/n89645618,rgoldsmith
GomarizJ,"Gomariz, José",http://id.loc.gov/authorities/names/no2006084086,jgomariz
GomezB,"Gomez, Brad T.",http://id.loc.gov/authorities/names/no2015079023,
GomoryT,"Gomory, Tomi",http://id.loc.gov/authorities/names/n2012187733,tgomory
GontarskiS,"Gontarski, S. E.",http://id.loc.gov/authorities/names/n77010467,sgontarski
Gonzales BackenM,"Gonzales Backen, Melinda Airr",https://authorities.lib.fsu.edu/etd-naf/mgonzalesbacken,mgonzalesbacken
GonzálezC,"González, Carolina",https://authorities.lib.fsu.edu/etd-naf/cgonzalez3,cgonzalez3
GoodingL,"Gooding, Lori F.",https://authorities.lib.fsu.edu/etd-naf/lgooding,lgooding
GrabanT,"Graban, Tarez Samra",http://id.loc.gov/authorities/names/n98010396,tgraban
GraberL,"Graber, Lukas",https://authorities.lib.fsu.edu/etd-naf/lgraber,lgraber
GrafD,"Graf, David E.",https://authorities.lib.fsu.edu/etd-naf/deg7526,FSUID
GrantJ,"Grant, Jonathan A.",http://id.loc.gov/authorities/names/n99039428,jgrant
GrantS,"Grant, Samuel C.",https://authorities.lib.fsu.edu/etd-naf/scgrant,scgrant
GravesB,"Graves, Brian",https://authorities.lib.fsu.edu/etd-naf/bgraves3,bgraves3
GrayE,"Gray, Edward G.",http://id.loc.gov/authorities/names/n98064260,
GreeneL,"Greene, Laura H.",https://authorities.lib.fsu.edu/etd-naf/lhgreene,lhgreene
GregoryS,"Gregory, Sarah Dianne",https://authorities.lib.fsu.edu/etd-naf/dgregory,dgregory
GrossM,"Gross, Melissa",http://id.loc.gov/authorities/names/n96062681,mgross
GroßerJ,"Großer, Jens W.",https://authorities.lib.fsu.edu/etd-naf/jgrosser,jgrosser
GrubbsL,"Grubbs, Laurie",http://id.loc.gov/authorities/names/n2005182107,
GrubbsR,"Grubbs, R. Dean",https://authorities.lib.fsu.edu/etd-naf/dgrubbs2,dgrubbs2
GrzywaczJ,"Grzywacz, Joseph G.",http://id.loc.gov/authorities/names/n2012060736,
GuanJ,"Guan, Jingjiao",https://authorities.lib.fsu.edu/etd-naf/jguan,jguan
GueretteA,"Guerette, Amy R.",https://authorities.lib.fsu.edu/etd-naf/aguerette,aguerette
GundersonF,"Gunderson, Frank D.",http://id.loc.gov/authorities/names/no00070731,fgunderson
GunjanA,"Gunjan, Akash",https://authorities.lib.fsu.edu/etd-naf/agunjan,agunjan
GunzburgerM,"Gunzburger, Max D.",http://id.loc.gov/authorities/names/n88247645,mgunzburger
GuoW,"Guo, Wei(Professor of Mechanical Engineering)",https://authorities.lib.fsu.edu/etd-naf/wguo,wguo
GussakD,"Gussak, David",http://id.loc.gov/authorities/names/n97102799,dgussak
GustavssonJ,"Gustavsson, Jonas",https://authorities.lib.fsu.edu/etd-naf/jgustavsson,jgustavsson
GuthrieK,"Guthrie, Kathy L.",http://id.loc.gov/authorities/names/no2012159719,kguthrie
GwartneyJ,"Gwartney, James D.",http://id.loc.gov/authorities/names/n80044658,jdgwartney
HahnS,"Hahn, Seung Yong",https://authorities.lib.fsu.edu/etd-naf/shahn,shahn
HaiducS,"Haiduc, Sonia",https://authorities.lib.fsu.edu/etd-naf/shaiduc,shaiduc
Hall-MillsS,"Hall-Mills, Shannon S.",http://id.loc.gov/authorities/names/no2010116844,ssh05d
HalliganJ,"Halligan, Jessi J.",https://authorities.lib.fsu.edu/etd-naf/jhalligan,jhalligan
HallinanD,"Hallinan, Daniel T.Jr.",https://authorities.lib.fsu.edu/etd-naf/dhallinan,dhallinan
HambyB,"Hamby, Barbara",http://id.loc.gov/authorities/names/n95035963,bhamby
HammanJ,"Hamman, John R.",http://id.loc.gov/authorities/names/no2017025730,jhamman
HammockE,"Hammock, Elizabeth Anne Dunn",https://authorities.lib.fsu.edu/etd-naf/ehammock,ehammock
HanessianH,"Hanessian, Holly",http://id.loc.gov/authorities/names/no2005063994,
HanleyW,"Hanley, Will",http://id.loc.gov/authorities/names/no2007032665,whanley
HanlineM,"Hanline, Mary Frances",https://authorities.lib.fsu.edu/etd-naf/mhanline,mhanline
HansonK,"Hanson, Kenneth G.",https://authorities.lib.fsu.edu/etd-naf/kghanson,kghanson
HardyM,"Hardy, Melissa A.",http://id.loc.gov/authorities/names/n86864057,mhardy
HarperK,"Harper, Kristine",http://id.loc.gov/authorities/names/n2004008442,kcharper
HarringtonM,"Harrington, Michael G.",https://authorities.lib.fsu.edu/etd-naf/nf-mharrington,/nf-mharrington
HartR,"Hart, Robert E.",https://authorities.lib.fsu.edu/etd-naf/rhart,rhart
HartS,"Hart, Sara(Professor of Psychology)",https://authorities.lib.fsu.edu/etd-naf/sahart,sahart
HarveyB,"Harvey, Bruce A.",http://id.loc.gov/authorities/names/no2009155075,bharvey
HayC,"Hay, Carter H.",http://id.loc.gov/authorities/names/n99025425,chay
HeilW,"Heil, Wolfgang H.",https://authorities.lib.fsu.edu/etd-naf/wheil,wheil
HellstromE,"Hellstrom, Eric",https://authorities.lib.fsu.edu/etd-naf/ehellstrom,ehellstrom
HellwegJ,"Hellweg, Joseph",http://id.loc.gov/authorities/names/no2011000513,jhellweg
HematiM,"Hemati, Maziar",https://authorities.lib.fsu.edu/etd-naf/nf-mhemati,nf-mhemati
HenneC,"Henne, Carolyn",http://id.loc.gov/authorities/names/no2018055858,chenne
HerreraR,"Herrera, Robinson A.",http://id.loc.gov/authorities/names/n2003097651,rherrera
HerringtonC,"Herrington, Carolyn D.",http://id.loc.gov/authorities/names/n97036418,cherrington
HicknerR,"Hickner, Robert C.",https://authorities.lib.fsu.edu/etd-naf/rhickner,rhickner
HightowerP,"Hightower, Patricia Y.",https://authorities.lib.fsu.edu/etd-naf/pwarren,pwarren
HillS,"Hill, S.",http://id.loc.gov/authorities/names/no2006081590,sohill
HillisonD,"Hillison, Derek William",https://authorities.lib.fsu.edu/etd-naf/dhillison,dhillison
HiltonA,"Hilton, Amy B. Chan",http://id.loc.gov/authorities/names/n2012052768,achanhilton
HinchmanE,"Hinchman, Edward",https://authorities.lib.fsu.edu/etd-naf/ehinchman,ehinchman
HinnantC,"Hinnant, Charles C.",https://authorities.lib.fsu.edu/etd-naf/chinnant,chinnant
HinnantL,"Hinnant, Lynne",https://authorities.lib.fsu.edu/etd-naf/lhinnant,lhinnant
HironakaE,"Hironaka, Eriko",http://id.loc.gov/authorities/names/n93049463,ahironaka
HiverP,"Hiver, Philip V.",https://authorities.lib.fsu.edu/etd-naf/phiver,phiver
HoS,"Ho, Shuyuan Mary",https://authorities.lib.fsu.edu/etd-naf/smho,smho
HochwarterW,"Hochwarter, Wayne A.",https://authorities.lib.fsu.edu/etd-naf/whochwarter,whochwarter
HodgesA,"Hodges, Anne R.",https://authorities.lib.fsu.edu/etd-naf/ahodges,ahodges
HoeijM,"Hoeij, Mark van",http://viaf.org/viaf/291706105,mvanhoeij
HoekmanT,"Hoekman, Timothy",http://id.loc.gov/authorities/names/n92093357,thoekman
HofackerC,"Hofacker, Charles F.",http://id.loc.gov/authorities/names/n99003770,
HolcombeR,"Holcombe, Randall G.",http://id.loc.gov/authorities/names/n82121728,holcombe
HoldenJ,"Holden, Jonathan(Clarinetist)",http://id.loc.gov/authorities/names/no2015083578,jholden
HollisP,"Hollis, Patrick J.",https://authorities.lib.fsu.edu/etd-naf/phollis,phollis
HolmesC,"Holmes, Christina A.",https://authorities.lib.fsu.edu/etd-naf/caholmes,caholmes
HolmesC,"Holmes, Christopher D.",https://authorities.lib.fsu.edu/etd-naf/cdholmes,cdholmes
HolmesR,"Holmes, R. MichaelJr.",https://authorities.lib.fsu.edu/etd-naf/mholmes,mholmes
HolmesT,"Holmes, Tisha Terrianne Joseph",https://authorities.lib.fsu.edu/etd-naf/ttholmes,ttholmes
HolzmanB,"Holzman, Bruce",https://authorities.lib.fsu.edu/etd-naf/bholzman,bholzman
HorabinJ,"Horabin, Jamila I.",http://id.loc.gov/authorities/names/nb2007023320,jhorabin
HorackS,"Horack, Skip",http://id.loc.gov/authorities/names/n2008084444,bmh14f
HornerM,"Horner, Mark W.",https://authorities.lib.fsu.edu/etd-naf/mhorner,mhorner
HouckD,"Houck, Davis W.",http://id.loc.gov/authorities/names/n91016636,dhouck
HouleD,"Houle, David",https://authorities.lib.fsu.edu/etd-naf/dhoule,dhoule
HouptT,"Houpt, Thomas A.",https://authorities.lib.fsu.edu/etd-naf/thoupt,thoupt
HovsapianZ,"Hovsapian, Zohrob O.",http://id.loc.gov/authorities/names/no2009118333,zhovsapian
HowardR,"Howard, Ravi",http://id.loc.gov/authorities/names/n2006055609,
HrudaS,"Hruda, Simone Peterson",https://authorities.lib.fsu.edu/etd-naf/shruda,shruda
HsiaoE,"Hsiao, Eric Y.",https://authorities.lib.fsu.edu/etd-naf/ehsiao,ehsiao
HsiehP,"Hsieh, Peggy",http://id.loc.gov/authorities/names/n00121314,yhsieh
HuB,"Hu, Bill X.",http://id.loc.gov/authorities/names/no2003048630,hxiaolon
HuS,"Hu, Shouping",http://id.loc.gov/authorities/names/no2005051811,shu
HuY,"Hu, Yan-yan",https://authorities.lib.fsu.edu/etd-naf/yhu,yhu
HuangC,"Huang, Chen(Professor of Scientific Computing)",https://authorities.lib.fsu.edu/etd-naf/chuang3,chuang3
HuangW,"Huang, Wenrui",http://id.loc.gov/authorities/names/n2013005601,whuang
HuberA,"Huber, Amy M.",http://id.loc.gov/authorities/names/n2017057051,
HuettelM,"Huettel, Markus",https://authorities.lib.fsu.edu/etd-naf/mhuettel,mhuettel
HuffenbergerK,"Huffenberger, Kevin M.",http://id.loc.gov/authorities/names/no2005117222,
HufferF,"Huffer, Fred W.",http://id.loc.gov/authorities/names/no2013073385,fhuffer
HughesK,"Hughes, Kimberly A.",https://authorities.lib.fsu.edu/etd-naf/kahughes,kahughes
HullE,"Hull, Elaine M.",http://id.loc.gov/authorities/names/no99061351,ehull
HumayunM,"Humayun, Munir",https://authorities.lib.fsu.edu/etd-naf/mhumayun,mhumayun
HurdalM,"Hurdal, Monica K.",https://authorities.lib.fsu.edu/etd-naf/mhurdal,mhurdal
HurtM,"Hurt, Myra M.",https://authorities.lib.fsu.edu/etd-naf/mhurt,mhurt
HussainiM,"Hussaini, M. Yousuff",http://id.loc.gov/authorities/names/n84004850,yhussain
HysonR,"Hyson, Richard Lee",http://id.loc.gov/authorities/names/n89663601,rhyson
HöflichP,"Höflich, Peter",http://id.loc.gov/authorities/names/n2004002589,
IatarolaP,"Iatarola, Patrice",https://authorities.lib.fsu.edu/etd-naf/piatarola,piatarola
IhlanfeldtK,"Ihlanfeldt, Keith R.",http://id.loc.gov/authorities/names/n86000200,
Ilich-ErnstJ,"Ilich-Ernst, Jasminka Z.",https://authorities.lib.fsu.edu/etd-naf/jilichernst,jilichernst
IlkN,"Ilk, Noyan",https://authorities.lib.fsu.edu/etd-naf/ni05d,ni05d
IngvalsonE,"Ingvalson, Erin",https://authorities.lib.fsu.edu/etd-naf/eingvalson,eingvalson
InouyeB,"Inouye, Brian D.",https://authorities.lib.fsu.edu/etd-naf/binouye,binouye
IriantoJ,"Irianto, Jerome",https://authorities.lib.fsu.edu/etd-naf/jirianto,jirianto
IsaacR,"Isaac, R. Mark",http://id.loc.gov/authorities/names/no2010073490,misaac
IvyS,"Ivy, Sarah Elizabeth",http://id.loc.gov/authorities/names/no2014103626,sivy
JaberL,"Jaber, Lama",https://authorities.lib.fsu.edu/etd-naf/ljaber,ljaber
JacksonA,"Jackson, April",https://authorities.lib.fsu.edu/etd-naf/ajackson5,ajackson5
JacksonM,"Jackson, Margaret R.",https://authorities.lib.fsu.edu/etd-naf/mrjackson,mrjackson
JacksonR,"Jackson, Robert A.",http://id.loc.gov/authorities/names/no95014114,rjackson
JainH,"Jain, Harsh Vardhan",https://authorities.lib.fsu.edu/etd-naf/hjain,hjain
JakubowskiE,"Jakubowski, Elizabeth M.",https://authorities.lib.fsu.edu/etd-naf/emjakubowski,emjakubowski
JamesF,"James, Frances C.",http://id.loc.gov/authorities/names/n89666545,fjames
JamesJ,"James, Jeffrey D.",http://id.loc.gov/authorities/names/no2008063392,jdjames
JaroszynskiJ,"Jaroszynski, Jan",https://authorities.lib.fsu.edu/etd-naf/ jaroszy,jaroszy
JenkinsL,"Jenkins, Lyndsay Nicole",https://authorities.lib.fsu.edu/etd-naf/lnjenkins,lnjenkins
JeongA,"Jeong, Allan C.",https://authorities.lib.fsu.edu/etd-naf/ajeong,ajeong
JiménezA,"Jiménez, Alexander",http://id.loc.gov/authorities/names/no2007052630,ajimenez
JohnsonD,"Johnson, David F.",http://id.loc.gov/authorities/names/nr91045296,djohnson
JohnsonF,"Johnson, Frank(Professor of Psychology)",https://authorities.lib.fsu.edu/etd-naf/johnson,johnson
JohnsonM,"Johnson, M. HoustonV",http://id.loc.gov/authorities/names/n2013020321,nf-mjohnson
JoinerT,"Joiner, ThomasJr.",http://id.loc.gov/authorities/names/n98075320,tjoiner
JollesA,"Jolles, Adam",http://id.loc.gov/authorities/names/no98071379,
JonesE,"Jones, Evan Allan",http://id.loc.gov/authorities/names/no2003044981,eajones
JonesE,"Jones, Evan Thomas",http://id.loc.gov/authorities/names/no2015017602,etj3688
JonesF,"Jones, Faye E.",http://id.loc.gov/authorities/names/no2008147682,fejones
JonesI,"Jones, Ithel",http://id.loc.gov/authorities/names/n2011024781,ijones
JonesJ,"Jones, James Pickett",http://id.loc.gov/authorities/names/n82023860,jpjones
JonesK,"Jones, Kathryn M.",https://authorities.lib.fsu.edu/etd-naf/kmjones2,kmjones2
JonesL,"Jones, Lynn",http://id.loc.gov/authorities/names/n2007005627,lajones
JonesM,"Jones, Maxine Deloris",http://id.loc.gov/authorities/names/n87824435,mjones
JonesT,"Jones, Tamara Bertrand",http://id.loc.gov/authorities/names/n2012007578,
JoosV,"Joos, Vincent Nicolas",https://authorities.lib.fsu.edu/etd-naf/vjoos,vjoos
Jordan-JacksonF,"Jordan-Jackson, Felecia F.",https://authorities.lib.fsu.edu/etd-naf/fjordan,fjordan
JungS,"Jung, Sungmoon",https://authorities.lib.fsu.edu/etd-naf/sjung,sjung
JunglasI,"Junglas, Iris Angelika",https://authorities.lib.fsu.edu/etd-naf/ijunglas,ijunglas
JustusJ,"Justus, James",http://id.loc.gov/authorities/names/no2010199173,jjustus
JörgensenC,"Jörgensen, Corinne",http://id.loc.gov/authorities/names/n2003033153,cjorgensen
KabbajM,"Kabbaj, Mohamed",https://authorities.lib.fsu.edu/etd-naf/mkabbaj,mkabbaj
KalbianA,"Kalbian, Aline H.",http://id.loc.gov/authorities/names/n2004111243,akalbian
KalhousD,"Kalhous, David",http://id.loc.gov/authorities/names/no2012086965,dkalhous
KaluE,"Kalu, E. Eric",http://id.loc.gov/authorities/names/no2010168445,eek4012
KaluP,"Kalu, Peter N.",https://authorities.lib.fsu.edu/etd-naf/pkalu,pkalu
KametaniF,"Kametani, Fumitake",https://authorities.lib.fsu.edu/etd-naf/fkametani,fkametani
KampmannR,"Kampmann, Raphael",http://id.loc.gov/authorities/names/no2014002305,
KantorS,"Kantor, Shawn Everett",http://id.loc.gov/authorities/names/no95016942,
KaschakM,"Kaschak, Michael P.",http://viaf.org/viaf/241126538,mkaschak
KavkaM,"Kavka, Martin",http://id.loc.gov/authorities/names/n2003111440,mkavka
KazmerM,"Kazmer, Michelle M.",http://id.loc.gov/authorities/names/n2004089031,mkazmer
KeF,"Ke, Fengfeng",http://id.loc.gov/authorities/names/no2013090332,fke
KearnsS,"Kearns, Stephen",http://id.loc.gov/authorities/names/no2008031674,skearns
KeelP,"Keel, Pamela K.",http://id.loc.gov/authorities/names/n2004009588,pkeel
KeeseckerJ,"Keesecker, Jeff",http://id.loc.gov/authorities/names/no2002107071,jkeesecker
KellerL,"Keller, Laura R.",http://id.loc.gov/authorities/names/nb99032112,lkeller
KellerT,"Keller, Thomas C. S.",http://id.loc.gov/authorities/names/nb99032113,tkeller
KelleyC,"Kelley, Colleen M.",http://id.loc.gov/authorities/names/n2015181796,ckelley
KelleyN,"Kelley, Nicole",http://id.loc.gov/authorities/names/no2006073290,nkelley
KellyS,"Kelly, Steven N.",http://id.loc.gov/authorities/names/n2008036741,skelly
KelsayJ,"Kelsay, John",http://id.loc.gov/authorities/names/n88005645,jkelsay
KennedyM,"Kennedy, Meegan",http://id.loc.gov/authorities/names/no2009110195,mkhanson
KennemurJ,"Kennemur, Justin Glenn",https://authorities.lib.fsu.edu/etd-naf/kennemur,kennemur
KerchevalA,"Kercheval, Alec N.",http://id.loc.gov/authorities/names/no2010183649,akercheval
KernH,"Kern, Holger Lutz",https://authorities.lib.fsu.edu/etd-naf/hkern,hkern
KhurshidA,"Khurshid, Ayesha",https://authorities.lib.fsu.edu/etd-naf/akhurshid,akhurshid
KilgoreJ,"Kilgore, John Mac",http://id.loc.gov/authorities/names/no2016023767,jmkilgore
KillianK,"Killian, Kyle L.",http://id.loc.gov/authorities/names/no2014168191,kkillian
KimA,"Kim, Amy C. H.",https://authorities.lib.fsu.edu/etd-naf/kamy,kamy
KimD,"Kim, Daekwan",http://id.loc.gov/authorities/names/no2012070753,dkim
KimJ,"Kim, Jeong-Su",https://authorities.lib.fsu.edu/etd-naf/jkim6,jkim6
KimY,"Kim, Young-Suk",http://id.loc.gov/authorities/names/n2006078433,ykim5
KimbrellJ,"Kimbrell, James",http://id.loc.gov/authorities/names/n97067798,jkimbrell
KirbyD,"Kirby, David",http://id.loc.gov/authorities/names/n79079287,dkirby
KishS,"Kish, Stephen A.",http://id.loc.gov/authorities/names/n92033213,skish
KistnerJ,"Kistner, Janet",http://id.loc.gov/authorities/names/n2006009507,jkistner
KitchensC,"Kitchens, Carl T.",http://viaf.org/viaf/300263260,ckitchens
KlassenE,"Klassen, E.",http://id.loc.gov/authorities/names/n96072093,eklassen
KlayW,"Klay, William E.",https://authorities.lib.fsu.edu/etd-naf/wklay,wklay
KleckG,"Kleck, Gary",http://id.loc.gov/authorities/names/n91033839,gkleck
KleinJ,"Klein, James D.",http://id.loc.gov/authorities/names/no2003122703,jklein
KnappA,"Knapp, Angela Noel",http://id.loc.gov/authorities/names/no2006015588,anknapp
KoflerM,"Kofler, Michael J.",https://authorities.lib.fsu.edu/etd-naf/kofler,kofler
KoprivaD,"Kopriva, David A.",http://id.loc.gov/authorities/names/no2003009891,dkopriva
KoslowJ,"Koslow, Jennifer Lisa",http://id.loc.gov/authorities/names/n2002136729,jkoslow
KostkaJ,"Kostka, Joel E.",http://id.loc.gov/authorities/names/no2005090753,jkostka
KrachS,"Krach, S. Kathleen",https://authorities.lib.fsu.edu/etd-naf/skrach,skrach
KranzS,"Kranz, Sven Alexander",https://authorities.lib.fsu.edu/etd-naf/skranz,skranz
KrausJ,"Kraus, Joseph Charles",http://id.loc.gov/authorities/names/nr94018466,jkraus
KrishnamurtiR,"Krishnamurti, Ruby",http://id.loc.gov/authorities/names/no2008105052,
KubíkL,"Kubík, Ladislav",http://id.loc.gov/authorities/names/n83172155,lkubik
KumarP,"Kumar, Piyush(Computer Science Professor)",https://authorities.lib.fsu.edu/etd-naf/piyush,piyush
KumarR,"Kumar, Rajan(Professor of Mechanical Engineering)",https://authorities.lib.fsu.edu/etd-naf/drrajank,drrajank
KurlanderE,"Kurlander, Eric",http://id.loc.gov/authorities/names/n2006012757,
KwanB,"Kwan, Bing Woon",http://id.loc.gov/authorities/names/no2002042562,bkwan
LaPointeL,"LaPointe, Leonard L.",http://id.loc.gov/authorities/names/n84016857,lllapointe
LamontB,"Lamont, Bruce T.",http://id.loc.gov/authorities/names/no2018151314,
LanF,"Lan, Feng",https://authorities.lib.fsu.edu/etd-naf/flan,flan
LandingW,"Landing, William M.",https://authorities.lib.fsu.edu/etd-naf/wlanding,wlanding
LansfordK,"Lansford, Katlin L.",https://authorities.lib.fsu.edu/etd-naf/klansford,klansford
LarbalestierD,"Larbalestier, D.",http://id.loc.gov/authorities/names/no2004090317,dlarbalestier
LarsonC,"Larson, Christine",http://id.loc.gov/authorities/names/no2011088772,
LathamD,"Latham, Don",http://id.loc.gov/authorities/names/n2006005037,dlatham
LathanR,"Lathan, Rhea Estelle",http://id.loc.gov/authorities/names/n2015038714,rlathan
LatturnerS,"Latturner, Susan",https://authorities.lib.fsu.edu/etd-naf/latturne,latturne
LaughlinK,"Laughlin, Karen L.",https://authorities.lib.fsu.edu/etd-naf/klaughlin,klaughlin
LeBarM,"LeBar, Mark",http://id.loc.gov/authorities/names/n2012071020,
LeeJ,"Lee, Jaejin",https://authorities.lib.fsu.edu/etd-naf/jlee11,jlee11
LeeK,"Lee, Keon-Hyung",https://authorities.lib.fsu.edu/etd-naf/klee2,klee2
LeeP,"Lee, Peter J.",http://id.loc.gov/authorities/names/n00016402,
LeeR,"Lee, Ruby P.",http://viaf.org/viaf/418144782735437495294,rlee3
LeeS,"Lee, Sanghyun",https://authorities.lib.fsu.edu/etd-naf/slee17,slee17
LeeserM,"Leeser, Michael J.",http://id.loc.gov/authorities/names/n2004039478,mleeser
LeitchS,"Leitch, Stephanie",http://id.loc.gov/authorities/names/no2010163958,sleitch
LemmonA,"Lemmon, Alan R.",https://authorities.lib.fsu.edu/etd-naf/alemmon,alemmon
LenhertS,"Lenhert, Steven John",https://authorities.lib.fsu.edu/etd-naf/lenhert,lenhert
LenzJ,"Lenz, Janet G.",http://id.loc.gov/authorities/names/n97106714,
LeppardT,"Leppard, Thomas P.",http://id.loc.gov/authorities/names/n2017022787,
LesterS,"Lester, Sarah",https://authorities.lib.fsu.edu/etd-naf/slester,slester
LeushuisR,"Leushuis, Reinier",http://id.loc.gov/authorities/names/no00052349,
LevensonC,"Levenson, Cathy W.",https://authorities.lib.fsu.edu/etd-naf/levenson,levenson
LevensonD,"Levenson, David B.",https://authorities.lib.fsu.edu/etd-naf/dlevenson,dlevenson
LevitanD,"Levitan, Don R.",https://authorities.lib.fsu.edu/etd-naf/dlevitan,dlevitan
LewisS,"Lewis, Sandra",http://id.loc.gov/authorities/names/n00090066,slewis
LiH,"Li, Hong(Chemistry and Biochemistry)",https://authorities.lib.fsu.edu/etd-naf/hli4,hli4
LiH,"Li, Hui",https://authorities.lib.fsu.edu/etd-naf/hli,hli
LiW,"Li, Wen(Professor of Psychology)",https://authorities.lib.fsu.edu/etd-naf/wli5,wli5
LiY,"Li, Yan",https://authorities.lib.fsu.edu/etd-naf/yli4,yli4
LiY,"Li, Yuan",https://authorities.lib.fsu.edu/etd-naf/yli12,yli12
LiangZ,"Liang, Zhiyong",https://authorities.lib.fsu.edu/etd-naf/zliang,zliang
LiebeskindC,"Liebeskind, Claudia",http://id.loc.gov/authorities/names/n98924524,cliebeskind
LinS,"Lin, Shangchao",https://authorities.lib.fsu.edu/etd-naf/slin,slin
LindbloomT,"Lindbloom, Terri",http://id.loc.gov/authorities/names/n95053719,
LineroA,"Linero, Antonio Ricardo",https://authorities.lib.fsu.edu/etd-naf/arl04e,arl04e
LipoT,"Lipo, T. A.",http://id.loc.gov/authorities/names/n88232814,tlipo
LipsitzS,"Lipsitz, Stuart",https://authorities.lib.fsu.edu/etd-naf/nf-slipsitz,nf-slipsitz
LiuB,"Liu, Baixiao",https://authorities.lib.fsu.edu/etd-naf/bliu,bliu
LiuG,"Liu, Guosheng(Professor of meteorology)",http://id.loc.gov/authorities/names/n2018001437,gliu
LiuX,"Liu, Xiuwen",https://authorities.lib.fsu.edu/etd-naf/liux,liux
LockeB,"Locke, Bruce R.",http://id.loc.gov/authorities/names/n84134993,blocke
LoganT,"Logan, Timothy M.",https://authorities.lib.fsu.edu/etd-naf/tlogan,tlogan
LoniganC,"Lonigan, Christopher J.",http://id.loc.gov/authorities/names/n2012045221,clonigan
LoshS,"Losh, Susan Carol",http://id.loc.gov/authorities/names/nb2010021011,slosh
LoveA,"Love, Ann Rowson",http://id.loc.gov/authorities/names/n2016062968,
LukeT,"Luke, Trevor S.",http://id.loc.gov/authorities/names/n2014022874,tluke
LustriaM,"Lustria, Mia Liza A.",https://authorities.lib.fsu.edu/etd-naf/mlustria,mlustria
LyonsL,"Lyons, Lisa C.",https://authorities.lib.fsu.edu/etd-naf/lyons,lyons
MaB,"Ma, Biwu",http://id.loc.gov/authorities/names/no2016013562,
MaT,"Ma, Teng",https://authorities.lib.fsu.edu/etd-naf/teng,teng
MacDonaldI,"MacDonald, Ian R.",http://id.loc.gov/authorities/names/n81122985,imacdonald
MacRaeT,"MacRae, Toby",https://authorities.lib.fsu.edu/etd-naf/tmacrae,tmacrae
MaddenE,"Madden, Elizabeth Brookshire",https://authorities.lib.fsu.edu/etd-naf/ebmadden,ebmadden
MadsenC,"Madsen, Clifford K.",http://id.loc.gov/authorities/names/n50037462,cmadsen
MagnanJ,"Magnan, Jeronimo Francisco",http://id.loc.gov/authorities/names/n89630486,jmagnan
MaiQ,"Mai, Qing",https://authorities.lib.fsu.edu/etd-naf/qmai,qmai
Maier-KatkinB,"Maier-Katkin, Birgit",http://id.loc.gov/authorities/names/n2006052639,bmaierkatkin
Maier-KatkinD,"Maier-Katkin, Daniel",http://id.loc.gov/authorities/names/n81043485,dmaierkatkin
MaitlandC,"Maitland, Charles G.",https://authorities.lib.fsu.edu/etd-naf/cmaitland,cmaitland
ManerJ,"Maner, Jon K.",https://authorities.lib.fsu.edu/etd-naf/jmaner,jmaner
ManousakisE,"Manousakis, Efstratios",http://id.loc.gov/authorities/names/n91081926,emanousakis
MardisM,"Mardis, Marcia A.",http://id.loc.gov/authorities/names/no2005117623,mmardis
MarianoT,"Mariano, Trinyan",https://authorities.lib.fsu.edu/etd-naf/tmariano,tmariano
MarincolaJ,"Marincola, John",http://id.loc.gov/authorities/names/n96043208,jmarinco
MarquisM,"Marquis, Milton H.",http://id.loc.gov/authorities/names/n86004555,mmarquis
MarrinanR,"Marrinan, Rochelle A.",http://id.loc.gov/authorities/names/n91050597,
MarshallA,"Marshall, Alan G.",http://id.loc.gov/authorities/names/n77017670,amarshall
MartyP,"Marty, Paul F.",http://id.loc.gov/authorities/names/n2007018063,pmarty
MascagniM,"Mascagni, Michael",https://authorities.lib.fsu.edu/etd-naf/mascagni,mascagni
MaslachD,"Maslach, David",https://authorities.lib.fsu.edu/etd-naf/dmaslach,dmaslach
MasonO,"Mason, Olivia Underwood",http://id.loc.gov/authorities/names/no2004084871,
MastA,"Mast, Austin R.",https://authorities.lib.fsu.edu/etd-naf/amast,amast
MathesJ,"Mathes, James",http://id.loc.gov/authorities/names/n2006060373,jmathes
MattoussiH,"Mattoussi, Hedi",http://id.loc.gov/authorities/names/nb2009002696,hmattoussi
MayS,"May, Simon Căbulea",https://authorities.lib.fsu.edu/etd-naf/smay,smay
McClureC,"McClure, Charles R.",http://id.loc.gov/authorities/names/n79107835,cmcclure
McCoyS,"McCoy, Sophie J.",https://authorities.lib.fsu.edu/etd-naf/smccoy,smccoy
McCrearyT,"McCreary, Tyler",http://id.loc.gov/authorities/names/no2019070869,
McDonaldR,"McDonald, Ross",https://authorities.lib.fsu.edu/etd-naf/nf-rmcd,nf-rmcdonald
McDowellS,"McDowell, Stephen D.",http://id.loc.gov/authorities/names/n96043409,smcdowell
McFarlandM,"McFarland, Michael J.(Sociology professor)",https://authorities.lib.fsu.edu/etd-naf/mmcfarland,mmcfarland
McGeeD,"McGee, Daniel",http://id.loc.gov/authorities/names/n84016064,dmcgee
McGinnisK,"McGinnis, Karen M.",https://authorities.lib.fsu.edu/etd-naf/kmcginnis,kmcginnis
McGregoryJ,"McGregory, Jerrilyn",http://id.loc.gov/authorities/names/n96070428,jmcgregory
McKelveyP,"McKelvey, Patrick T.",https://authorities.lib.fsu.edu/etd-naf/pmckelvey,pmckelvey
McLaneY,"McLane, Yelena",https://authorities.lib.fsu.edu/etd-naf/ymclane,ymclane
McMahonD,"McMahon, Darrin M.",http://id.loc.gov/authorities/names/n00033384,
McNaughtonD,"McNaughton, David",http://id.loc.gov/authorities/names/n88047979,dmcnaughton
McNultyJ,"McNulty, James",http://id.loc.gov/authorities/names/n2009023875,jmcnulty
McVicarM,"McVicar, Michael J.",http://id.loc.gov/authorities/names/n2014075955,mmcvicar
McWeyL,"McWey, Lenore M.",https://authorities.lib.fsu.edu/etd-naf/lmcwey,lmcwey
MeansD,"Means, D. Bruce",http://id.loc.gov/authorities/names/n88074509,dmeans
MearsD,"Mears, Daniel P.",http://id.loc.gov/authorities/names/n2009071824,dmears
MeckesD,"Meckes, David G.Jr.",https://authorities.lib.fsu.edu/etd-naf/dmeckes,dmeckes
MegrawT,"Megraw, Timothy L.",https://authorities.lib.fsu.edu/etd-naf/tmegraw,tmegraw
MehtaJ,"Mehta, Jayur M.",https://authorities.lib.fsu.edu/etd-naf/jmehta,jmehta
MeighanP,"Meighan, Patrick",http://id.loc.gov/authorities/names/no2008067683,pmeighan
MeleA,"Mele, Alfred R.",http://id.loc.gov/authorities/names/n85287132,amele
MeltzerA,"Meltzer, Andrea L.",https://authorities.lib.fsu.edu/etd-naf/ameltzer,ameltzer
MendeM,"Mende, Martin",http://viaf.org/viaf/385155042804172402209,FSUID
Mendoza-CortesJ,"Mendoza-Cortes, Jose L.",https://authorities.lib.fsu.edu/etd-naf/jmendozacortes,jmendozacortes
MeredithM,"Meredith, Michael",https://authorities.lib.fsu.edu/etd-naf/mmeredith,mmeredith
MerleP,"Merle, Patrick F.",https://authorities.lib.fsu.edu/etd-naf/pmerle,pmerle
MesevV,"Mesev, Victor",http://id.loc.gov/authorities/names/n2002107356,vmesev
Mesterton-GibbonsM,"Mesterton-Gibbons, Mike",http://id.loc.gov/authorities/names/n87943186,mmestertongibbons
MetinC,"Metin, Christine",https://authorities.lib.fsu.edu/etd-naf/cmetin,cmetin
MeyerA,"Meyer, Alexandria",https://authorities.lib.fsu.edu/etd-naf/ameyer2,ameyer2
Meyer-BaeseU,"Meyer-Baese, U.",http://id.loc.gov/authorities/names/n2001011368,umeyerbaese
Meyer-BäseA,"Meyer-Bäse, Anke",http://id.loc.gov/authorities/names/n2003129868,ameyerbaese
MilesR,"Miles, Rebecca",http://id.loc.gov/authorities/names/nb2008024703,rmiles
MillerB,"Miller, Brian G.",https://authorities.lib.fsu.edu/etd-naf/bgmiller,bgmiller
MillerT,"Miller, Thomas E.(Professor of Biological Science)",https://authorities.lib.fsu.edu/etd-naf/miller,miller
MilliganJ,"Milligan, Jeffrey Ayala",http://id.loc.gov/authorities/names/n2002112925,jmilligan
MioW,"Mio, Washington",https://authorities.lib.fsu.edu/etd-naf/mio,mio
MisraV,"Misra, Vasubandhu",http://id.loc.gov/authorities/names/no2002071189,rmisra
MoffattR,"Moffatt, Robert J.",http://id.loc.gov/authorities/names/n2005060052,rmoffatt
MonL,"Mon, Lorri M.",http://id.loc.gov/authorities/names/no2007103328,lmon
MontgomeryM,"Montgomery, Maxine Lavon",http://id.loc.gov/authorities/names/n95074584,mmontgomery
MontoyaJ,"Montoya, Joseph",https://authorities.lib.fsu.edu/etd-naf/nf-montoya,nf-montoya
MookherjeeM,"Mookherjee, Mainak",https://authorities.lib.fsu.edu/etd-naf/mmookherjee,mmookherjee
MooneyK,"Mooney, Katherine Carmines",http://id.loc.gov/authorities/names/n2012011253,kcmooney
MooreC,"Moore, Carl A.",https://authorities.lib.fsu.edu/etd-naf/camoore,camoore
MooreC,"Moore, Christopher",http://id.loc.gov/authorities/names/no2011129850,crmoore
MooreD,"Moore, Dennis D.",http://id.loc.gov/authorities/names/n93050097,dmoore
MooreM,"Moore, Matthew Nicholas J.",https://authorities.lib.fsu.edu/etd-naf/mnmoore2,mnmoore2
MoreyS,"Morey, Steven L.",https://authorities.lib.fsu.edu/etd-naf/smorey,smorey
MorrisR,"Morris, Richard Jack",http://id.loc.gov/authorities/names/n89665211,rmorris (comm) or rgm18s (athletic adm)
MortonR,"Morton, Richard M.",https://authorities.lib.fsu.edu/etd-naf/rmorton,rmorton
MosesR,"Moses, Ren",http://id.loc.gov/authorities/names/no2008021083,rmoses
MossP,"Moss, Pedro L.",http://id.loc.gov/authorities/names/no2008104764,plm1735
MuhamadJ,"Muhamad, Jessica Wendorf",https://authorities.lib.fsu.edu/etd-naf/jwendorfmuhamad,jwendorfmuhamad
MukherjeeT,"Mukherjee, Tathagata",https://authorities.lib.fsu.edu/etd-naf/FSUID,tm09
MunnJ,"Munn, Jean",https://authorities.lib.fsu.edu/etd-naf/jmunn,jmunn
MunroM,"Munro, Martin",http://id.loc.gov/authorities/names/nb2001003399,mmunro
MuntendamA,"Muntendam, Antje",http://id.loc.gov/authorities/names/n2015008326,
MurphyJ,"Murphy, Jeremiah Wayne",https://authorities.lib.fsu.edu/etd-naf/jwmurphy,jwmurphy
Murray-RománJ,"Murray-Román, Jeannine",http://id.loc.gov/authorities/names/n2015049288,
MusslimaniZ,"Musslimani, Ziad H.",https://authorities.lib.fsu.edu/etd-naf/zmusslimani,zmusslimani
MyersJ,"Myers, John P.",https://authorities.lib.fsu.edu/etd-naf/jpmyers,jpmyers
Nair-CollinsM,"Nair-Collins, Michael Patrick",https://authorities.lib.fsu.edu/etd-naf/mpcollins,mpcollins
NealM,"Neal, Michael R.",http://id.loc.gov/authorities/names/n2010050868,mrneal
NeeD,"Nee, Derek Evan",https://authorities.lib.fsu.edu/etd-naf/nee,nee
NelsonG,"Nelson, Gil",http://id.loc.gov/authorities/names/n93102527,
NeumanR,"Neuman, Robert",http://id.loc.gov/authorities/names/n93070322,
NewmanJ,"Newman, Joshua I.",http://id.loc.gov/authorities/names/n2011019943,jinewman
NicholsW,"Nichols, Warren",http://id.loc.gov/authorities/names/n86873624,wnichols
NicholsonS,"Nicholson, Sharon E.",http://id.loc.gov/authorities/names/n83168238,snicholson
NiellP,"Niell, Paul B.",http://id.loc.gov/authorities/names/n2013043288,pniell
NistorA,"Nistor, Adrian",https://authorities.lib.fsu.edu/etd-naf/anistor,anistor
NiuX,"Niu, Xufeng",http://viaf.org/viaf/14146217689609141312,xniu
NolderC,"Nolder, Craig",http://id.loc.gov/authorities/names/no2009202251,cnolder
NorrbinS,"Norrbin, Stefan C.",http://id.loc.gov/authorities/names/no95020806,snorrbin
NowakowskiR,"Nowakowski, Richard S.",https://authorities.lib.fsu.edu/etd-naf/rsnowakowski,rsnowakowski
NowlisS,"Nowlis, Stephen M.",http://id.loc.gov/authorities/names/nr00003143,nf-snowlis
NuddD,"Nudd, Donna M.",https://authorities.lib.fsu.edu/etd-naf/dmnudd,dmnudd
NyceC,"Nyce, Charles M.",http://id.loc.gov/authorities/names/n2011040076,cnyce
OatesW,"Oates, William",https://authorities.lib.fsu.edu/etd-naf/woates,woates
OberlinR,"Oberlin, Richard",https://authorities.lib.fsu.edu/etd-naf/roberlin,roberlin
OdomA,"Odom, A. L.",http://id.loc.gov/authorities/names/n82226768,aodom
OhS,"Oh, Sanghee",http://id.loc.gov/authorities/names/no2012113274,so17c (Sang Hoo Oh -- library special)
OhlssonE,"Ohlsson, Eric Paul",http://id.loc.gov/authorities/names/n90621988,eohlsson
OkerlundD,"Okerlund, David",http://id.loc.gov/authorities/names/no2002093654,dokerlund
OkoliO,"Okoli, Okenwa O. I.",http://id.loc.gov/authorities/names/nb2017018753,
OlceseJ,"Olcese, James",http://id.loc.gov/authorities/names/n99801246,jolcese
OpelA,"Opel, Andy",http://id.loc.gov/authorities/names/n2003094691,aopel
OrdóñezJ,"Ordóñez, Juan Carlos",http://id.loc.gov/authorities/names/no2003098450,jordonez
OrmsbeeM,"Ormsbee, Michael J.",http://id.loc.gov/authorities/names/no2016106104,mormsbee
OsbornD,"Osborn, Debra S.",http://id.loc.gov/authorities/names/n97051108,dosborn
OsborneE,"Osborne, Elizabeth A.",http://id.loc.gov/authorities/names/n2010074779,bosborne
OstrovidovA,"Ostrovidov, Alexander",http://id.loc.gov/authorities/names/no2011090387,aostrovidov
OvertonJ,"Overton, J. Michael",https://authorities.lib.fsu.edu/etd-naf/joverton,joverton
OwensJ,"Owens, Jeremy D.",https://authorities.lib.fsu.edu/etd-naf/jdowens,jdowens
OwensJ,"Owens, Joseph F.III",https://authorities.lib.fsu.edu/etd-naf/jowens,jowens
OzguvenE,"Ozguven, Eren Erman",http://id.loc.gov/authorities/names/no2009109194,eozguven
PableJ,"Pable, Jill",http://id.loc.gov/authorities/names/no2004105176,jpable
PadavicI,"Padavic, Irene",http://id.loc.gov/authorities/names/n93121885,ipadavic
PaekI,"Paek, Insu(Professor of measurement and statistics)",http://id.loc.gov/authorities/names/n2019021256,ipaek
PakinS,"Pakin, Scott D.",https://authorities.lib.fsu.edu/etd-naf/nf-spakin,nf-spakin
PamidiS,"Pamidi, Sastry V.",https://authorities.lib.fsu.edu/etd-naf/pamidi,pamidi
PantonL,"Panton, Lynn B.",http://viaf.org/viaf/105842865,lpanton
PapiM,"Papi, Mostafa",https://authorities.lib.fsu.edu/etd-naf/mpapi,mpapi
ParkC,"Park, Chiwoo",https://authorities.lib.fsu.edu/etd-naf/cpark5,cpark5
ParkT,"Park, Toby J.",http://id.loc.gov/authorities/names/no2012049769,tjpark
ParkerW,"Parker, William C.",https://authorities.lib.fsu.edu/etd-naf/wparker,wparker
Parker-BellB,"Parker-Bell, Barbara Faye",https://authorities.lib.fsu.edu/etd-naf/bparkerbell,bparkerbell
Parker-FlynnC,"Parker-Flynn, Christina Marie",https://authorities.lib.fsu.edu/etd-naf/cparker,cparker
ParksJ,"Parks, John Will",http://id.loc.gov/authorities/names/no2008105963,jparks
ParrishT,"Parrish, Timothy",http://id.loc.gov/authorities/names/n2006055125,
PatiD,"Pati, Debdeep",https://authorities.lib.fsu.edu/etd-naf/debdeep,debdeep
PatrangenaruV,"Patrangenaru, Victor",http://id.loc.gov/authorities/names/n2015050341,vic
PatrickC,"Patrick, Christopher J.",http://id.loc.gov/authorities/names/n2005015125,cpatrick
PauS,"Pau, Stephanie",https://authorities.lib.fsu.edu/etd-naf/spau,spau
PelkeyS,"Pelkey, Stanley C.",http://id.loc.gov/authorities/names/n2004079653,spelkey
PengF,"Peng, Fang",https://authorities.lib.fsu.edu/etd-naf/fpeng,fpeng
PeregoM,"Perego, Mauro",https://authorities.lib.fsu.edu/etd-naf/nf-mperego,nf-mperego
PeresT,"Peres, Tanya M.",http://id.loc.gov/authorities/names/no2010088217,
Perez-FelknerL,"Perez-Felkner, Lara",https://authorities.lib.fsu.edu/etd-naf/lperezfelkner,lperezfelkner
PerfectS,"Perfect, Steven Bruce",https://authorities.lib.fsu.edu/etd-naf/sperfect,sperfect
PerreweP,"Perrewe, Pamela L.",http://id.loc.gov/authorities/names/n87114038,
PetersenK,"Petersen, Kathleen L.",https://authorities.lib.fsu.edu/etd-naf/klpetersen,klpetersen
PetersonD,"Peterson, David R.",http://id.loc.gov/authorities/names/no2012101306,dpeterson
PetersonJ,"Peterson, Janet S.",https://authorities.lib.fsu.edu/etd-naf/jpeterson,jpeterson
PevnitskayaS,"Pevnitskaya, Svetlana A.",https://authorities.lib.fsu.edu/etd-naf/spevnitskaya,spevnitskaya
PfaffC,"Pfaff, Christopher A.",http://id.loc.gov/authorities/names/n95053027,cpfaff
PfeifferS,"Pfeiffer, Steven I.",http://id.loc.gov/authorities/names/n84049214,spfeiffer
PhillipsB,"Phillips, Beth M.",https://authorities.lib.fsu.edu/etd-naf/bmphillips,bmphillips
PiehlerG,"Piehler, G. Kurt",http://id.loc.gov/authorities/names/n94025256,kpiehler
PiekarewiczJ,"Piekarewicz, Jorge",http://id.loc.gov/authorities/names/n2012037971,jpiekarewicz
PietralungaM,"Pietralunga, Mark",http://id.loc.gov/authorities/names/n86071393,mpietralunga
PietrykaM,"Pietryka, Matthew T.",https://authorities.lib.fsu.edu/etd-naf/mpietryka,mpietryka
Pinker-DomenigK,"Pinker-Domenig, Katja",https://authorities.lib.fsu.edu/etd-naf/nf-katjapinker,nf-katjapinker
PintoJ,"Pinto, Jose R.",https://authorities.lib.fsu.edu/etd-naf/jpinto,jpinto
PlantA,"Plant, Ashby",http://id.loc.gov/authorities/names/no2013023462,plant
PlewaT,"Plewa, Tomasz",http://id.loc.gov/authorities/names/no2005015361,tplewa
PoeyD,"Poey, Delia",http://id.loc.gov/authorities/names/n92028118,dpoey
PopovićD,"Popović, Dragana",http://id.loc.gov/authorities/names/no2015167788,
PorterfieldA,"Porterfield, Amanda",http://id.loc.gov/authorities/names/n80026327,aporterf
PowellM,"Powell, Mark Dillon",http://id.loc.gov/authorities/names/no2011022876,mpowell
PrestonC,"Preston, Courtney",http://id.loc.gov/authorities/names/no2014103913,cpreston
PrevattF,"Prevatt, Frances F.",http://id.loc.gov/authorities/names/n98077174,fprevatt
ProffittJ,"Proffitt, Jennifer M.",https://authorities.lib.fsu.edu/etd-naf/jproffitt,jproffitt
ProsperH,"Prosper, Harrison B.",http://id.loc.gov/authorities/names/n2001016046,harry
ProudfitG,"Proudfit, Greg Hajcak",http://id.loc.gov/authorities/names/no2014091561,ghajcak
PullenD,"Pullen, Daniel J.",http://id.loc.gov/authorities/names/n85368513,dpullen
QuadagnoJ,"Quadagno, Jill S.",http://id.loc.gov/authorities/names/n81027135,jquadagn
QuaifeB,"Quaife, Bryan",https://authorities.lib.fsu.edu/etd-naf/bquaife,bquaife
QuineJ,"Quine, J. R.",http://id.loc.gov/authorities/names/n96091392,quine
QuinnI,"Quinn, Iain",http://id.loc.gov/authorities/names/n2003084699,iquinn
RadeyM,"Radey, Melissa",https://authorities.lib.fsu.edu/etd-naf/mradey,mradey
RalstonP,"Ralston, Penny A.",http://id.loc.gov/authorities/names/n99834877,
RamakrishnanS,"Ramakrishnan, Subramanian",https://authorities.lib.fsu.edu/etd-naf/sramakrishnan,sramakrishnan
Rambo-RoddenberryM,"Rambo-Roddenberry, Michelle Deanna",http://id.loc.gov/authorities/names/no2002037112,mroddenberry
RamirezH,"Ramirez, Hernan",http://id.loc.gov/authorities/names/no2013040956,hramirez
Ramos-MattoussiF,"Ramos-Mattoussi, Flavia S.",https://authorities.lib.fsu.edu/etd-naf/framosmattoussi,framosmattoussi
RandolphK,"Randolph, Karen A.",http://id.loc.gov/authorities/names/no99033530,krandolph
RaneyA,"Raney, Arthur A.",http://id.loc.gov/authorities/names/n2006000877,araney
RansdellM,"Ransdell, Marlo E.",https://authorities.lib.fsu.edu/etd-naf/mransdell,mransdell
RaoQ,"Rao, Qinchun",http://id.loc.gov/authorities/names/no2011191760,qrao
RasmussenD,"Rasmussen, David W.",http://id.loc.gov/authorities/names/n81118913,dwrasmussen
RawlingP,"Rawling, Piers",http://id.loc.gov/authorities/names/n2003095981,prawling
RayburnJ,"Rayburn, J. D.II",https://authorities.lib.fsu.edu/etd-naf/jrayburn,jrayburn
ReenockC,"Reenock, Christopher",http://id.loc.gov/authorities/names/n2016028463,
RegleroL,"Reglero, Lara",http://id.loc.gov/authorities/names/no2006124985,lreglero
RehmM,"Rehm, Marsha Lynn",http://id.loc.gov/authorities/names/n90646756,mrehm
ReinaL,"Reina, Laura",https://authorities.lib.fsu.edu/etd-naf/reina,reina
ReiserR,"Reiser, Robert A.",http://id.loc.gov/authorities/names/n83038707,rreiser
RenY,"Ren, Yi(Biomedical Sciences Professor)",https://authorities.lib.fsu.edu/etd-naf/yren3,yren3
ReyesA,"Reyes, Arneil P.",https://authorities.lib.fsu.edu/etd-naf/reyes,reyes
ReynoldsJ,"Reynolds, John K.",https://authorities.lib.fsu.edu/etd-naf/kreynolds3,kreynolds3
ReynoldsJ,"Reynolds, John R.",https://authorities.lib.fsu.edu/etd-naf/jrreynolds,jrreynolds
ReznikovA,"Reznikov, Alexander",https://authorities.lib.fsu.edu/etd-naf/areznikov,areznikov
RibeiroJ,"Ribeiro, Jessica D.",https://authorities.lib.fsu.edu/etd-naf/jdr08c,jdr08c
RiboJ,"Ribo, John",https://authorities.lib.fsu.edu/etd-naf/jribo,jribo
RiccardiG,"Riccardi, Gregory A.",https://authorities.lib.fsu.edu/etd-naf/griccardi,griccardi
RiceD,"Rice, Diana Claries",http://id.loc.gov/authorities/names/no90025405,drice
RichardsM,"Richards, Mark C.",https://authorities.lib.fsu.edu/etd-naf/mcrichards,mcrichards
RikvoldP,"Rikvold, Per Arne",http://id.loc.gov/authorities/names/n87113671,prikvold
RileyM,"Riley, Mark A.",https://authorities.lib.fsu.edu/etd-naf/mriley,mriley
RobertsD,"Roberts, Diane",http://id.loc.gov/authorities/names/n93019374,dkroberts
RobertsR,"Roberts, Rodney G.",https://authorities.lib.fsu.edu/etd-naf/rroberts,rroberts
RobertsW,"Roberts, Winston",http://id.loc.gov/authorities/names/no98075024,wroberts
RodgersL,"Rodgers, Luke P.",https://authorities.lib.fsu.edu/etd-naf/lprodgers,lprodgers
RodgersR,"Rodgers, Ryan P.",https://authorities.lib.fsu.edu/etd-naf/rrodgers,rrodgers
Rodriguez-MoriH,"Rodriguez-Mori, Howard",http://id.loc.gov/authorities/names/no2009187450,
RoehrigA,"Roehrig, Alysia D.",http://id.loc.gov/authorities/names/n2001090777,aroehrig
RogersN,"Rogers, Nancy",http://id.loc.gov/authorities/names/n2007018310,
RohlingerD,"Rohlinger, Deana A.",http://id.loc.gov/authorities/names/nb2012016923,deana.rohlinger
RokytaD,"Rokyta, Darin",https://authorities.lib.fsu.edu/etd-naf/drokyta,drokyta
RomanM,"Roman, Mary Brigid",http://id.loc.gov/authorities/names/n2002128210,mroman
RomanchukR,"Romanchuk, Robert",http://id.loc.gov/authorities/names/nb2008002466,rromanchuk
RootJ,"Root, Jenny Rose",https://authorities.lib.fsu.edu/etd-naf/jrroot,jrroot
RoperM,"Roper, Michael Gabriel",https://authorities.lib.fsu.edu/etd-naf/mroper,mroper
RosalM,"Rosal, Marcia L.",http://id.loc.gov/authorities/names/no2015114886,mrosal
RousseauH,"Rousseau, Horacio E.",https://authorities.lib.fsu.edu/etd-naf/hrousseau,hrousseau
RuseM,"Ruse, Michael",http://id.loc.gov/authorities/names/n78086451,mruse
RussoM,"Russo, Michael",http://id.loc.gov/authorities/names/no2004078054,
RutledgeS,"Rutledge, Stacey A.",http://id.loc.gov/authorities/names/n2005077563,sarutledge
RyanJ,"Ryan, John Barry",http://id.loc.gov/authorities/names/n2014043173,jryan2
RyanP,"Ryan, Pamela",http://id.loc.gov/authorities/names/no2012019691,pryan
Sachs-EricssonN,"Sachs-Ericsson, Natalie J.",https://authorities.lib.fsu.edu/etd-naf/sachs,sachs
SackD,"Sack, Daniel Aaron",https://authorities.lib.fsu.edu/etd-naf/dsack,dsack
SaladinL,"Saladin, Linda",http://id.loc.gov/authorities/names/n84230157,
SalataK,"Salata, Kris",http://id.loc.gov/authorities/names/n2012038522,
SalazarG,"Salazar, Gloria",https://authorities.lib.fsu.edu/etd-naf/gsalazararanda,gsalazararanda
SaltersV,"Salters, Vincent J. M.",http://id.loc.gov/authorities/names/n85215468,salters
SaltielJ,"Saltiel, Jack",https://authorities.lib.fsu.edu/etd-naf/saltiel,saltiel
SampsonJ,"Sampson, James P.",http://id.loc.gov/authorities/names/n85194264,jsampson
SangQ,"Sang, Qing-Xiang",https://authorities.lib.fsu.edu/etd-naf/qsang,qsang
SanyalP,"Sanyal, Paromita",http://id.loc.gov/authorities/names/n2014059935,psanyal
SatheS,"Sathe, Shridhar K.",http://id.loc.gov/authorities/names/n2001013511,ssathe
SauerG,"Sauer, Greg",http://id.loc.gov/authorities/names/no2014101594,gsauer
SchatschneiderC,"Schatschneider, Christopher",http://id.loc.gov/authorities/names/n2009026723,cschatschneider
SchelbeL,"Schelbe, Lisa",https://authorities.lib.fsu.edu/etd-naf/lschelbe,lschelbe
SchlenoffJ,"Schlenoff, Joseph B.",http://id.loc.gov/authorities/names/nb2002004599,jschlenoff
SchlottmannP,"Schlottmann, Pedro U.",https://authorities.lib.fsu.edu/etd-naf/pschlottman,pschlottman
SchmertmannC,"Schmertmann, Carl P.",http://id.loc.gov/authorities/names/no2014069337,schmert
SchmidP,"Schmid, Peter J.",http://id.loc.gov/authorities/names/n00002284,nf-pjschmid
SchmidtN,"Schmidt, Norman B.",http://id.loc.gov/authorities/names/n2001127053,nschmidt
ScholzJ,"Scholz, John T.",http://id.loc.gov/authorities/names/n79078278,jscholz
SchraderL,"Schrader, Linda B.",https://authorities.lib.fsu.edu/etd-naf/Lschrader,Lschrader
SchrockD,"Schrock, Douglas P.",https://authorities.lib.fsu.edu/etd-naf/dschrock,dschrock
SchwadronH,"Schwadron, Hannah",http://id.loc.gov/authorities/names/n2017023411,
SchwartzD,"Schwartz, Daniel G.",https://authorities.lib.fsu.edu/etd-naf/dgschwartz,dgschwartz
SchwartzR,"Schwartz, Robert A.",http://id.loc.gov/authorities/names/n83046519,raschwartz
SchwenklerJ,"Schwenkler, John Louis",https://authorities.lib.fsu.edu/etd-naf/jschwenkler,jschwenkler
ScottM,"Scott, Maura L.",https://authorities.lib.fsu.edu/etd-naf/mlscott,mlscott
SeatonD,"Seaton, Douglass",http://id.loc.gov/authorities/names/n85275990,dseaton
SeatonG,"Seaton, Gayle E.",https://authorities.lib.fsu.edu/etd-naf/profseaton,profseaton
SeminoffJ,"Seminoff, Jeffrey A.",http://id.loc.gov/authorities/names/no2011073773,
SemykinaA,"Semykina, Anastasia",https://authorities.lib.fsu.edu/etd-naf/asemykina,asemykina
ShacochisB,"Shacochis, Bob",http://id.loc.gov/authorities/names/n84105588,rshacochis
ShanbhagS,"Shanbhag, Sachin",https://authorities.lib.fsu.edu/etd-naf/sshanbhag,sshanbhag
ShangG,"Shang, Guangzhi",http://id.loc.gov/authorities/names/no2015030840,gshang
SharpeP,"Sharpe, Peggy",http://id.loc.gov/authorities/names/n90695903,psharpe
ShatrukM,"Shatruk, Mykhailo",https://authorities.lib.fsu.edu/etd-naf/shatruk,shatruk
SheY,"She, Yiyuan",http://viaf.org/viaf/31821408,yshe
SheltonK,"Shelton, Kim S.",http://id.loc.gov/authorities/names/nr96035728,nf-ksshelton
SherronK,"Sherron, Katie A.",https://authorities.lib.fsu.edu/etd-naf/ksherron,ksherron
ShieldsS,"Shields, Sara Scott",https://authorities.lib.fsu.edu/etd-naf/skshields,skshields
ShihC,"Shih, Chiang",https://authorities.lib.fsu.edu/etd-naf/cshih,cshih
ShoeleK,"Shoele, Kourosh",https://authorities.lib.fsu.edu/etd-naf/kshoele,kshoele
ShuteV,"Shute, Valerie J.",http://id.loc.gov/authorities/names/no90003745,vshute
SickingerJ,"Sickinger, James P.",http://id.loc.gov/authorities/names/n98058897,jsicking
SiegelD,"Siegel, David A.M. D.",https://authorities.lib.fsu.edu/etd-naf/dasiegel,dasiegel
SiegristT,"Siegrist, Theo",https://authorities.lib.fsu.edu/etd-naf/tsiegrist,tsiegrist
SiennickS,"Siennick, Sonja E.",https://authorities.lib.fsu.edu/etd-naf/ssiennick,ssiennick
SilversR,"Silvers, Robert",https://authorities.lib.fsu.edu/etd-naf/rsilvers,rsilvers
SinghP,"Singh, Prashant",https://authorities.lib.fsu.edu/etd-naf/psingh2,psingh2
SinhaD,"Sinha, Debajyoti",http://id.loc.gov/authorities/names/n98023263,dsinhad
SinkeS,"Sinke, Suzanne M.",http://id.loc.gov/authorities/names/n90702801,ssinke
SlateE,"Slate, Elizabeth H.",https://authorities.lib.fsu.edu/etd-naf/eslate,eslate
Slaveva-GriffinS,"Slaveva-Griffin, Svetla",http://id.loc.gov/authorities/names/n2008040982,sslavevagriffin
SliceD,"Slice, Dennis E.",http://id.loc.gov/authorities/names/n2004108735,dslice
SmithD,"Smith, Dale L.",http://id.loc.gov/authorities/names/no93033885,dlsmith
SmithS,"Smith, Shawn R.",http://id.loc.gov/authorities/names/no96018071,srmsith
SnyderP,"Snyder, Patricia Ann",http://id.loc.gov/authorities/names/n87822215,nf-psnyder
SobanjoJ,"Sobanjo, John Olusegun",http://id.loc.gov/authorities/names/no2006090378,sobanjo
Soldat-JaffeT,"Soldat-Jaffe, Tatjana",http://id.loc.gov/authorities/names/n2011045829,
SommerS,"Sommer, Sally R.",http://id.loc.gov/authorities/names/n85235319,
SongL,"Song, Likai",https://authorities.lib.fsu.edu/etd-naf/lls0301,lls0301
SoutherlandS,"Southerland, Sherry A.",http://id.loc.gov/authorities/names/n2006073243,ssoutherland
SouvaM,"Souva, Mark A.",http://id.loc.gov/authorities/names/n2016028464,
SpainhourL,"Spainhour, Lisa",http://id.loc.gov/authorities/names/no2008010967,lspainhour
SpectorA,"Spector, Alan C.",https://authorities.lib.fsu.edu/etd-naf/aspector,aspector
SpeerK,"Speer, Kevin G.",http://id.loc.gov/authorities/names/no2009143870,kspeer
SpencerR,"Spencer, Robert G. M.",http://id.loc.gov/authorities/names/no2016068194,rgspencer
SpicerM,"Spicer, Maria T.",https://authorities.lib.fsu.edu/etd-naf/mspicer,mspicer
SpillerE,"Spiller, Elizabeth",http://id.loc.gov/authorities/names/n2003013030,espiller
SrinivasanA,"Srinivasan, Ashok",https://authorities.lib.fsu.edu/etd-naf/asrinivasan,asrinivasan
SrivastavaA,"Srivastava, Anuj",http://id.loc.gov/authorities/names/n2013023251,asrivastava
StaggS,"Stagg, Scott",https://authorities.lib.fsu.edu/etd-naf/sstagg,sstagg
StandleyJ,"Standley, Jayne M.",http://id.loc.gov/authorities/names/n91075721,jstandley
StanwoodG,"Stanwood, Gregg",https://authorities.lib.fsu.edu/etd-naf/gstanwood,gstanwood
SteacyL,"Steacy, Laura M.",http://id.loc.gov/authorities/names/no2016049497,lsteacy
StebletonM,"Stebleton, Michelle",http://id.loc.gov/authorities/names/no2010179834,mstebleton
StefanovicB,"Stefanovic, Branko",https://authorities.lib.fsu.edu/etd-naf/bstefanovic,bstefanovic
SteinN,"Stein, Nathanael",https://authorities.lib.fsu.edu/etd-naf/nstein2,nstein2
SteinbockO,"Steinbock, Oliver",https://authorities.lib.fsu.edu/etd-naf/steinbck,steinbck
SteinorthP,"Steinorth, Petra",https://authorities.lib.fsu.edu/etd-naf/psteinorth,psteinorth
StepinaL,"Stepina, Lee P.",http://id.loc.gov/authorities/names/n87113512,lstepina
SteppanS,"Steppan, Scott J.",http://id.loc.gov/authorities/names/no95014677,ssteppan
SteurerM,"Steurer, Michael",https://authorities.lib.fsu.edu/etd-naf/steurer,steurer
StewartE,"Stewart, Eric Allen",http://id.loc.gov/authorities/names/no2006000987,estewart2
StiegmanA,"Stiegman, Albert E.",https://authorities.lib.fsu.edu/etd-naf/stiegman,stiegman
StillingR,"Stilling, Robert",http://id.loc.gov/authorities/names/n2008014773,rstilling
StillwellC,"Stillwell, Corinne",http://id.loc.gov/authorities/names/n2008031848,csbowman
StoltzfusN,"Stoltzfus, Nathan",http://id.loc.gov/authorities/names/n95111446,
StoverT,"Stover, Tim",http://id.loc.gov/authorities/names/no2012117619,tstover
StroupeM,"Stroupe, M. Elizabeth",https://authorities.lib.fsu.edu/etd-naf/mestroupe,mestroupe
StrouseG,"Strouse, Geoffrey F.",https://authorities.lib.fsu.edu/etd-naf/strouse,strouse
Stuckey-FrenchE,"Stuckey-French, Elizabeth",http://id.loc.gov/authorities/names/n99257900,estuckeyfrench
Stuckey-FrenchN,"Stuckey-French, Ned",http://id.loc.gov/authorities/names/n2009049123,nstuckeyfrench
StukelM,"Stukel, Michael R.",https://authorities.lib.fsu.edu/etd-naf/mstukel,mstukel
StultsB,"Stults, Brian J.",https://authorities.lib.fsu.edu/etd-naf/bstults,bstults
StviliaB,"Stvilia, Besiki",http://id.loc.gov/authorities/names/no2007104805,bstvilia
SundermanG,"Sunderman, Gretchen L.",https://authorities.lib.fsu.edu/etd-naf/gsunderm,gsunderm
SungB,"Sung, Benjamin",http://id.loc.gov/authorities/names/no2007023331,bsung
SuraP,"Sura, Philip",https://authorities.lib.fsu.edu/etd-naf/psura,psura
SussmanM,"Sussman, Mark",https://authorities.lib.fsu.edu/etd-naf/sussman,sussman
SuttonM,"Sutton, Matthew Avery",http://id.loc.gov/authorities/names/n2006095483,nf-masutton
SuárezV,"Suárez, Virgil",http://id.loc.gov/authorities/names/n88010521,vsuarez
SypherU,"Sypher, Ulla",https://authorities.lib.fsu.edu/etd-naf/usypher,usypher
TaborS,"Tabor, Samuel L.",https://authorities.lib.fsu.edu/etd-naf/stabor,stabor
TairaK,"Taira, Kunihiko",http://id.loc.gov/authorities/names/no2016152909,ktaira
TamC,"Tam, Christopher K. W.",http://id.loc.gov/authorities/names/n2011075473,ctam
TandbergD,"Tandberg, David A.",http://id.loc.gov/authorities/names/no2015034367,dtandberg
TangH,"Tang, Hengli",http://id.loc.gov/authorities/names/n2009180254,htang
TangX,"Tang, Xinlin",http://viaf.org/viaf/150860328,xtang2
TangY,"Tang, Youneng",https://authorities.lib.fsu.edu/etd-naf/ytang2,ytang2
TaoM,"Tao, Minjing",https://authorities.lib.fsu.edu/etd-naf/mtao,mtao
TarantiniC,"Tarantini, C.",http://id.loc.gov/authorities/names/nb2016017277,
TartaronT,"Tartaron, Thomas F.",http://id.loc.gov/authorities/names/nb2004309262,nf-tartaron
TawfiqK,"Tawfiq, Kamal Sulaiman",http://id.loc.gov/authorities/names/no2008104649,tawfiq
TaylorG,"Taylor, Gary",http://id.loc.gov/authorities/names/n88231233,gtaylor
TaylorJ,"Taylor, Jeanette E.",https://authorities.lib.fsu.edu/etd-naf/jtaylor,jtaylor
TaylorJ,"Taylor, John",https://authorities.lib.fsu.edu/etd-naf/jrtaylor,jrtaylor
TaylorK,"Taylor, Kenneth A.",https://authorities.lib.fsu.edu/etd-naf/taylor,taylor
TaylorM,"Taylor, Miles G.",http://id.loc.gov/authorities/names/no2005111038,mtaylor3
TelotteJ,"Telotte, John C.",https://authorities.lib.fsu.edu/etd-naf/telotte,telotte
TenenbaumG,"Tenenbaum, Gershon",http://id.loc.gov/authorities/names/n92114025,gtenenbaum
TherrienM,"Therrien, Michelle",https://authorities.lib.fsu.edu/etd-naf/mtherrien,mtherrien
ThomasA,"Thomas, André J.",http://id.loc.gov/authorities/names/n86843113,athomas
ThomasS,"Thomas, Shannon",http://id.loc.gov/authorities/names/no2019054771,strem
ThornerS,"Thorner, Sabra G.",https://authorities.lib.fsu.edu/etd-naf/sthorner,sthorner
ThyerB,"Thyer, Bruce A.",http://id.loc.gov/authorities/names/n85194781,bthyer
TibiS,"Tibi, Sana",https://authorities.lib.fsu.edu/etd-naf/stibi,stibi
TillmanK,"Tillman, Kathryn H.",https://authorities.lib.fsu.edu/etd-naf/ktillman,ktillman
TomkoR,"Tomko, Robert J.Jr.",https://authorities.lib.fsu.edu/etd-naf/rtomko,rtomko
TravisJ,"Travis, Joseph",http://id.loc.gov/authorities/names/n86861195,jtravis
TripathiV,"Tripathi, Vandana",https://authorities.lib.fsu.edu/etd-naf/vtripath,vtripath
TripodiS,"Tripodi, Stephen J.",https://authorities.lib.fsu.edu/etd-naf/stripodi,stripodi
TrociewitzU,"Trociewitz, Ulf P",https://authorities.lib.fsu.edu/etd-naf/utrociewitz,utrociewitz
TrombleyP,"Trombley, Paul Q.",https://authorities.lib.fsu.edu/etd-naf/ptrombley,ptrombley
TrujilloV,"Trujillo, Valerie",http://id.loc.gov/authorities/names/no2008068735,vtrujillo
TschinkelW,"Tschinkel, Walter R.",http://id.loc.gov/authorities/names/no99057649,wtschinkel
TullJ,"Tull, James F.",http://id.loc.gov/authorities/names/n78050437,jtull
TungL,"Tung, Leonard J.",http://id.loc.gov/authorities/names/n84134805,
TuranovicJ,"Turanovic, Jillian J.",http://id.loc.gov/authorities/names/n2019007242,jturanovic
TurnerJ,"Turner, Jeannine E.",https://authorities.lib.fsu.edu/etd-naf/jeturner,jeturner
TwissS,"Twiss, Sumner B.",http://id.loc.gov/authorities/names/n92059141,
TysonG,"Tyson, Gary Scott",https://authorities.lib.fsu.edu/etd-naf/tyson,tyson
UejioC,"Uejio, Christopher K.",https://authorities.lib.fsu.edu/etd-naf/cuejio,cuejio
UenoK,"Ueno, Koji",https://authorities.lib.fsu.edu/etd-naf/kueno,kueno
UkeileyL,"Ukeiley, Lawrence S.",https://authorities.lib.fsu.edu/etd-naf/nf-nf-ukeiley,nf-ukeiley
UnderwoodN,"Underwood, Nora C.",https://authorities.lib.fsu.edu/etd-naf/nunderwood,nunderwood
UpchurchC,"Upchurch, Charles",http://id.loc.gov/authorities/names/n2008053260,cupchurch
UzunA,"Uzun, Ali",https://authorities.lib.fsu.edu/etd-naf/nf-auzun,nf-auzun
Van DurmeD,"Van Durme, Daniel J.",http://id.loc.gov/authorities/names/no2011124641,
Van HoeijM,"Van Hoeij, Mark",https://authorities.lib.fsu.edu/etd-naf/mvanhoeij,mvanhoeij
Van IddekingeC,"Van Iddekinge, Chad H.",https://authorities.lib.fsu.edu/etd-naf/cvanidde,cvanidde
Van LithT,"Van Lith, Theresa",https://authorities.lib.fsu.edu/etd-naf/tvanlith,tvanlith
Van SciverS,"Van Sciver, Steven W.",http://id.loc.gov/authorities/names/n86088405,vnsciver
Van TolJ,"Van Tol, Johan",https://authorities.lib.fsu.edu/etd-naf/jvantol,jvantol
Van WinkleD,"Van Winkle, David H.",https://authorities.lib.fsu.edu/etd-naf/rip,rip
VanWeeldenK,"VanWeelden, Kimberly D.",https://authorities.lib.fsu.edu/etd-naf/kvanweelden,kvanweelden
VanliO,"Vanli, Omer Arda",https://authorities.lib.fsu.edu/etd-naf/avanli,avanli
VarryS,"Varry, Sandra",https://authorities.lib.fsu.edu/etd-naf/svarry,svarry
VilleneuveP,"Villeneuve, Pat",http://id.loc.gov/authorities/names/no95018901,pvilleneuve
VitkusD,"Vitkus, Daniel J.",http://id.loc.gov/authorities/names/n99025409,dvitkus
VoT,"Vo, Theodore",https://authorities.lib.fsu.edu/etd-naf/tmvo,tmvo
VolyaA,"Volya, Alexander",http://id.loc.gov/authorities/names/no2018082655,
Von GlahnD,"Von Glahn, Denise",http://id.loc.gov/authorities/names/n2003072097,dvonglahn
WaggonerM,"Waggoner, Miranda R.",http://id.loc.gov/authorities/names/no2017031126,
WagnerR,"Wagner, Richard K.",http://id.loc.gov/authorities/names/n85213114,
WahlH,"Wahl, Horst",https://authorities.lib.fsu.edu/etd-naf/wahl,wahl
WakamiyaL,"Wakamiya, Lisa Ryoko",http://id.loc.gov/authorities/names/n2009036864,lwakamiya
WalkerE,"Walker, Eric C.",http://id.loc.gov/authorities/names/no2008137388,ewalker
WaltersL,"Walters, Lori",http://id.loc.gov/authorities/names/n85251566,lwalters
WangA,"Wang, An-I Andy",http://id.loc.gov/authorities/names/no99054351,awang
WangG,"Wang, Gang(Professor of Genomics)",https://authorities.lib.fsu.edu/etd-naf/gwang6,gwang6
WangG,"Wang, Gang(Professor of Management)",https://authorities.lib.fsu.edu/etd-naf/gwang5,gwang5
WangH,"Wang, Hui",https://authorities.lib.fsu.edu/etd-naf/hwang10,hwang10
WangX,"Wang, XiaomingPh.D.",http://id.loc.gov/authorities/names/no2007040443,wxm
WangX,"Wang, Xiaoqiang",https://authorities.lib.fsu.edu/etd-naf/wwang3,wwang3
WangY,"Wang, Yanchang(Biomedical Sciences Professor)",https://authorities.lib.fsu.edu/etd-naf/ywang8,ywang4
WangY,"Wang, Yang(Graduate Assistant in Teaching)",https://authorities.lib.fsu.edu/etd-naf/yw16f,yw16f
WangY,"Wang, Yang(Professor of Earth Ocean and Atmospheric Science)",https://authorities.lib.fsu.edu/etd-naf/ywang4,ywang4
WangZ,"Wang, Zhi",https://authorities.lib.fsu.edu/etd-naf/zwang4,zwang4
WangZ,"Wang, Zuoxin",https://authorities.lib.fsu.edu/etd-naf/zwang,zwang
WardC,"Ward, Candace",http://id.loc.gov/authorities/names/n95031449,sward
WarrenN,"Warren, Nancy Bradley",http://id.loc.gov/authorities/names/n00109521,nwarren
WarrenP,"Warren, Patricia Y.",http://id.loc.gov/authorities/names/no2016002095,
WaxmanL,"Waxman, Lisa K.",https://authorities.lib.fsu.edu/etd-naf/lwaxman,lwaxman
WebberS,"Webber, Steven B.",https://authorities.lib.fsu.edu/etd-naf/swebber,swebber
WeberA,"Weber, Alina Dana",http://id.loc.gov/authorities/names/no2011163587,aweber
WeberC,"Weber, Christian",https://authorities.lib.fsu.edu/etd-naf/cweber,cweber
WeidenhoeverI,"Weidenhoever, Ingo Ludwing M.",https://authorities.lib.fsu.edu/etd-naf/iwiedenhoever,iwiedenhoever
WeingardenL,"Weingarden, Lauren S.",http://id.loc.gov/authorities/names/n86052127,
WeissertC,"Weissert, Carol S.",http://id.loc.gov/authorities/names/n88600053,
WelshT,"Welsh, Thomas M.",http://id.loc.gov/authorities/names/n88654648,twelsh
WestlundA,"Westlund, Andrea C.",https://authorities.lib.fsu.edu/etd-naf/awestlund,awestlund
WetherbyA,"Wetherby, Amy M.",http://id.loc.gov/authorities/names/n97065739,amwetherby
WetherellT,"Wetherell, T. K.",http://id.loc.gov/authorities/names/no2013022846,tkwetherell
WhalleyD,"Whalley, David B.",https://authorities.lib.fsu.edu/etd-naf/whalley,whalley
WhalonK,"Whalon, Kelly J.",https://authorities.lib.fsu.edu/etd-naf/kwhalon,kwhalon
WhitacreI,"Whitacre, Ian Michael",https://authorities.lib.fsu.edu/etd-naf/iwhitacre,iwhitacre
WhyteJ,"Whyte, JamesIV",http://id.loc.gov/authorities/names/n2010182758,jwhyte
WilberA,"Wilber, Aaron A.",http://id.loc.gov/authorities/names/no2012035962,
WilkeD,"Wilke, Dina J.",https://authorities.lib.fsu.edu/etd-naf/dwilke,dwilke
WilliamsD,"Williams, Diana L.",https://authorities.lib.fsu.edu/etd-naf/williams,williams
WilliamsH,"Williams, Heidi Louise",http://id.loc.gov/authorities/names/no2008117983,hlwilliams
WilliamsonG,"Williamson, George S.",http://id.loc.gov/authorities/names/n2003052244,gwilliamson
WinegardnerM,"Winegardner, Mark",http://id.loc.gov/authorities/names/n87872195,mwinegardner
WingateM,"Wingate, Mark",http://id.loc.gov/authorities/names/no96038917,mwingate
WinnA,"Winn, Alice A.",https://authorities.lib.fsu.edu/etd-naf/winn,winn
WitteS,"Witte, Shelbie",http://id.loc.gov/authorities/names/no2013004390,switte
WongS,"Wong, Sandy",https://authorities.lib.fsu.edu/etd-naf/FSUID,swong
WoodC,"Wood, Carla(Speech-Language Pathology Professor)",https://authorities.lib.fsu.edu/etd-naf/cjackson3,cjackson3
WuW,"Wu, Wei",https://authorities.lib.fsu.edu/etd-naf/wwu,wwu
WuZ,"Wu, Zhaohua",https://authorities.lib.fsu.edu/etd-naf/wu,wu
WulffJ,"Wulff, Janie L.",http://id.loc.gov/authorities/names/no2010187986,jwulff
XinY,"Xin, Yan",https://authorities.lib.fsu.edu/etd-naf/yxin,yxin
XiongP,"Xiong, Peng",https://authorities.lib.fsu.edu/etd-naf/xiong,xiong
XuC,"Xu, Cheryl",https://authorities.lib.fsu.edu/etd-naf/cxu,cxu
XueH,"Xue, Hanhan",https://authorities.lib.fsu.edu/etd-naf/hxue2,hxue2
YaghoobianN,"Yaghoobian, Neda",https://authorities.lib.fsu.edu/etd-naf/yaghoobian,yaghoobian
YanceyK,"Yancey, Kathleen Blake",http://id.loc.gov/authorities/names/n91108860,kyancey
YangJ,"Yang, Jie",https://authorities.lib.fsu.edu/etd-naf/jyang5,jyang5
YangK,"Yang, Kaifeng",http://id.loc.gov/authorities/names/n2007031302,kyang
YangK,"Yang, Kun",http://id.loc.gov/authorities/names/no95015391,kyang3
YangW,"Yang, Wei",https://authorities.lib.fsu.edu/etd-naf/yang,yang
YangX,"Yang, Xiaojun",http://id.loc.gov/authorities/names/no2009200593,xyang
YangY,"Yang, Yanyun",https://authorities.lib.fsu.edu/etd-naf/yyang3,yyang3
YangY,"Yang, Yun",https://authorities.lib.fsu.edu/etd-naf/yyang6,yyang6
YeM,"Ye, Ming",https://authorities.lib.fsu.edu/etd-naf/mye,mye
YeboahY,"Yeboah, Yaw D.",http://id.loc.gov/authorities/names/no2010109085,yyeboah
YinQ,"Yin, Qian",http://id.loc.gov/authorities/names/n2020182305,qyin
YohayR,"Yohay, Rachel",https://authorities.lib.fsu.edu/etd-naf/ryohay,ryohay
YoungS,"Young, Seth A.",https://authorities.lib.fsu.edu/etd-naf/sayoung2,sayoung2
YuH,"Yu, Hong-Guo",https://authorities.lib.fsu.edu/etd-naf/hyu,hyu
YuM,"Yu, Ming(Professor of scientific computing)",https://authorities.lib.fsu.edu/etd-naf/myu2,myu2
YuW,"Yu, Weikuan",https://authorities.lib.fsu.edu/etd-naf/yuw,yuw
YuZ,"Yu, Zhibin",https://authorities.lib.fsu.edu/etd-naf/zyu,zyu
YuanX,"Yuan, XinPh. D",http://id.loc.gov/authorities/names/no2011088991,xyuan
Zanini-CordiI,"Zanini-Cordi, Irene",http://id.loc.gov/authorities/names/no2009042928,
ZengC,"Zeng, Changchun",https://authorities.lib.fsu.edu/etd-naf/zeng,zeng
ZhangJ,"Zhang, Jinfeng(Statistics Professor)",https://authorities.lib.fsu.edu/etd-naf/jzhang4,jzhang4
ZhangM,"Zhang, Mei",https://authorities.lib.fsu.edu/etd-naf/mzhang3,mzhang3
ZhangQ,"Zhang, Qian",https://authorities.lib.fsu.edu/etd-naf/qzhang4,qzhang4
ZhangT,"Zhang, Tianming",https://authorities.lib.fsu.edu/etd-naf/tzhang,tzhang
ZhangZ,"Zhang, Zhenghao",https://authorities.lib.fsu.edu/etd-naf/zzhang2,zzhang2
ZhaoP,"Zhao, Peixiang",https://authorities.lib.fsu.edu/etd-naf/zhao,zhao
ZhaoT,"Zhao, Tingting(Geography Professor)",https://authorities.lib.fsu.edu/etd-naf/tzhao,tzhao
ZhengJ,"Zheng, Jianping",https://authorities.lib.fsu.edu/etd-naf/jzheng,jzheng
ZhouH,"Zhou, Huan-Xiang",http://id.loc.gov/authorities/names/n2017182962,hzhou4
ZhouY,"Zhou, Yi(Graduate Research Assistant)",https://authorities.lib.fsu.edu/etd-naf/yz15e,yz15e
ZhouY,"Zhou, Yi(Professor of Biomedical Science)",https://authorities.lib.fsu.edu/etd-naf/yzhou,yzhou
ZhuF,"Zhu, Fanxiu",https://authorities.lib.fsu.edu/etd-naf/fzhu,fzhu
ZhuL,"Zhu, Lei",http://id.loc.gov/authorities/names/no2007113222,lzhu
ZhuL,"Zhu, Lingjiong",https://authorities.lib.fsu.edu/etd-naf/lzhu2,lzhu2
ZuehlkeT,"Zuehlke, Thomas W.",http://id.loc.gov/authorities/names/n86855074,tzuehlke
ZuilkowskiS,"Zuilkowski, Stephanie Simmons",https://authorities.lib.fsu.edu/etd-naf/szuilkowski,szuilkowski
van EngelenR,"van Engelen, Robert A.",https://authorities.lib.fsu.edu/etd-naf/rvanengelen,rvanengelen
ÁlvarezE,"Álvarez, Enrique",http://id.loc.gov/authorities/names/no2010168229,ealvarez
ÖktenG,"Ökten, Giray",https://authorities.lib.fsu.edu/etd-naf/gokten,gokten
